date,war,semic,hknewmed,game,newmed,noblemetal,bank,micro,photovoltaic,rareearth,ai,communication,hkdividend,5g,construction,cloudcompute,liquor,hktech,medicine,colormetal,computer,trader,cnmedicine,coal,medical,newenergy,farming,sports,software,hkmedicine,electrical,insurance,consumerelectronics,steel,realestate,hkcomsumer,battery,newenergycar,homeelectricappliance,food,envprotection
2024-08-05,9034.43,4332.64,,1118.08,1448.54,1871.37,6049.29,,1977.88,1248.95,898.29,835.41,3669.09,760.74,7203.79,2922.75,9805.31,1750.46,7237.68,1507.31,4716.42,586.44,9458.54,2006.92,5998.29,1682.03,4582.61,1174.45,8874.93,1813.77,2913.77,1749.7,2589.1,794.25,2353.54,963.32,2022.94,1509.43,8982.84,14436.53,1289.19
2024-08-06,9257.18,4366.24,,1156.51,1473.95,1840.33,5985.63,,2052.15,1262.92,909.68,851.17,3645.8,776.26,7222.61,2962.64,9858.85,1758.84,7323.63,1507.07,4754.26,586.58,9601.21,2026.35,6096.37,1718.46,4614.72,1202.37,8931.18,1875.66,2916.28,1686.99,2615.89,797.27,2411.89,960.21,2066.26,1525.98,8929.83,14557.41,1307.6
2024-08-07,9315.06,4318.63,,1153.46,1461.13,1850.65,5995.65,,2047.95,1260.97,900.0,852.94,3693.05,773.99,7213.38,2937.11,9958.2,1772.21,7275.57,1510.55,4704.54,584.3,9551.61,2048.22,6049.67,1715.69,4552.37,1202.09,8885.75,1883.23,2950.94,1671.67,2597.62,794.21,2388.1,971.86,2060.23,1520.24,8948.84,14596.63,1309.61
2024-08-08,9023.58,4339.03,,1141.15,1461.22,1821.83,6008.73,,2038.42,1257.39,894.16,844.67,3670.91,770.65,7203.02,2912.64,10125.05,1770.19,7306.23,1496.89,4676.39,586.32,9704.21,2049.54,6044.31,1705.33,4611.16,1203.02,8817.71,1888.84,2931.24,1673.97,2608.11,796.42,2421.87,969.2,2042.69,1511.92,8932.9,14837.9,1302.46
2024-08-09,8913.95,4338.74,,1116.99,1438.09,1834.16,6036.1,,2007.82,1250.28,894.55,849.05,3692.71,777.86,7211.5,2893.07,10064.42,1802.23,7187.18,1499.86,4633.48,580.43,9581.81,2061.27,5938.49,1682.07,4552.04,1182.13,8738.0,1899.98,2910.74,1669.8,2627.58,793.03,2462.45,982.19,2015.82,1497.2,8887.09,14725.51,1285.41
2024-08-12,8818.49,4304.08,,1101.96,1453.85,1839.44,6026.43,,2000.37,1243.82,888.96,847.46,3714.16,775.89,7167.66,2861.17,10007.76,1800.96,7275.89,1499.04,4582.72,578.98,9841.13,2071.66,5967.12,1674.69,4580.76,1173.27,8607.1,1915.48,2902.41,1671.97,2619.0,786.74,2383.8,975.67,1998.83,1486.28,8913.49,14686.05,1279.49
2024-08-13,8931.11,4344.14,,1103.77,1442.92,1850.71,6052.48,,2005.8,1254.3,896.23,857.94,3738.04,785.38,7205.18,2882.17,9879.01,1806.75,7214.53,1508.48,4608.65,586.48,9765.38,2062.86,5945.77,1687.82,4601.79,1175.27,8642.26,1914.35,2909.4,1682.42,2647.11,791.88,2377.41,976.66,2023.83,1497.45,8885.98,14540.24,1288.36
2024-08-14,8822.42,4286.24,,1122.97,1417.95,1832.62,6048.98,,1979.67,1238.05,891.41,850.25,3729.14,780.92,7166.7,2856.27,9749.28,1788.08,7101.79,1487.31,4579.3,582.11,9642.74,2034.7,5829.95,1665.74,4525.85,1183.02,8584.48,1875.45,2935.5,1676.75,2627.05,778.95,2356.31,970.58,1987.19,1469.3,8813.65,14341.94,1279.15
2024-08-15,8861.53,4313.96,,1161.05,1428.93,1837.85,6128.17,,2010.19,1247.25,897.13,851.18,3770.74,781.38,7254.19,2883.73,9797.52,1796.58,7143.64,1500.22,4627.19,588.76,9657.99,2075.43,5858.19,1682.07,4532.68,1207.79,8691.71,1892.78,2964.37,1699.06,2629.86,785.39,2396.92,967.7,2003.87,1485.91,8839.82,14418.89,1291.74
2024-08-16,8735.37,4291.64,,1142.16,1437.27,1823.4,6200.65,,1982.29,1238.35,899.46,861.51,3813.81,789.13,7208.67,2882.4,9750.0,1826.33,7146.91,1497.93,4600.45,584.36,9642.26,2076.66,5851.67,1662.68,4462.07,1189.67,8601.11,1932.13,2935.02,1714.84,2633.79,777.82,2363.05,988.81,1979.48,1476.12,8833.02,14320.5,1277.48
2024-08-19,8701.43,4291.37,,1153.35,1425.19,1882.77,6319.48,,1959.46,1242.49,904.94,863.35,3820.35,788.44,7298.24,2912.52,9702.86,1843.8,7083.77,1523.84,4614.95,583.98,9569.76,2072.87,5798.03,1656.07,4432.9,1194.53,8686.04,1932.19,2946.37,1749.58,2634.92,778.78,2358.43,995.73,1973.16,1474.23,8832.84,14259.99,1273.52
2024-08-20,8558.43,4228.19,,1133.89,1402.29,1859.48,6338.22,,1938.27,1221.03,891.57,853.72,3795.95,779.67,7219.38,2851.01,9609.28,1839.35,6988.65,1506.07,4514.34,577.66,9454.4,1992.81,5683.04,1641.53,4336.77,1182.07,8491.48,1919.13,2918.7,1746.08,2611.99,768.16,2319.33,992.19,1947.91,1462.27,8791.94,14091.83,1261.57
2024-08-21,8510.46,4195.46,,1116.98,1387.8,1890.56,6292.02,,1915.74,1232.21,892.45,854.36,3791.3,783.04,7137.63,2832.99,9550.14,1827.56,6939.61,1522.74,4488.55,575.76,9347.37,1991.68,5633.3,1634.84,4262.09,1177.45,8422.9,1910.7,2891.54,1733.1,2629.24,764.39,2311.31,987.53,1957.05,1473.81,8784.17,14013.48,1255.73
2024-08-22,8474.17,4132.69,,1076.62,1378.63,1873.29,6345.7,,1881.42,1214.36,876.38,842.82,3836.83,773.24,7128.81,2782.34,9390.52,1857.54,6889.06,1500.21,4399.78,565.7,9313.12,1979.32,5525.52,1620.23,4211.03,1165.81,8244.94,1886.2,2922.91,1732.5,2600.47,755.33,2297.5,1006.36,1944.23,1455.64,8796.54,13810.01,1254.36
2024-08-23,8479.46,4106.63,,1070.62,1370.76,1862.66,6380.1,,1881.27,1209.2,880.19,843.33,3803.98,772.08,7161.43,2815.35,9350.33,1840.65,6871.7,1493.89,4461.68,571.18,9311.45,1985.04,5501.95,1610.44,4194.31,1158.96,8398.49,1847.31,2888.79,1776.04,2601.44,754.72,2284.68,1000.08,1933.54,1441.37,8997.8,13810.44,1246.03
2024-08-26,8419.57,4095.51,,1080.63,1376.15,1863.76,6387.3,,1902.1,1237.35,873.68,834.12,3848.74,762.98,7189.07,2798.31,9266.67,1865.15,6806.41,1512.22,4457.48,569.64,9236.52,1989.64,5428.63,1639.36,4242.72,1168.15,8394.31,1884.37,2884.78,1782.66,2595.98,760.58,2311.2,1010.96,1981.62,1469.84,9037.46,13702.24,1260.92
2024-08-27,8283.62,4032.16,,1086.91,1379.2,1823.9,6404.86,,1883.77,1214.93,859.61,818.94,3910.06,747.39,7097.4,2757.03,9225.45,1871.75,6802.66,1492.01,4374.56,564.33,9177.6,2017.61,5410.81,1624.14,4180.53,1164.45,8219.27,1894.17,2870.61,1785.69,2533.09,752.87,2238.87,1012.07,1941.18,1452.95,8870.89,13647.07,1250.91
2024-08-28,8369.08,4036.95,,1096.19,1381.13,1795.97,6355.51,,1886.43,1221.57,859.57,821.06,3867.2,749.81,7000.39,2765.16,8941.67,1842.19,6792.51,1482.18,4382.51,564.49,9224.65,2018.86,5419.06,1625.66,4208.93,1169.93,8236.12,1886.11,2889.5,1776.63,2533.53,753.43,2220.42,991.71,1942.53,1454.61,8733.81,13402.98,1251.1
2024-08-29,8491.35,4089.35,,1110.15,1399.76,1804.11,6147.99,,1958.28,1251.48,860.76,819.86,3842.71,748.69,6858.62,2779.62,9168.39,1862.43,6892.27,1497.7,4441.7,566.94,9331.5,2016.17,5523.82,1655.5,4208.78,1191.47,8373.21,1908.83,2852.62,1743.13,2568.06,754.75,2227.69,1013.01,2003.82,1478.16,8772.44,13660.17,1263.86
2024-08-30,8592.77,4235.0,,1147.93,1402.82,1773.39,6007.22,,1983.34,1272.92,882.41,843.99,3862.11,776.49,6943.38,2853.9,9494.55,1909.97,6977.45,1501.38,4573.51,581.77,9359.56,2033.75,5633.32,1677.94,4271.0,1214.39,8597.68,1912.18,2841.59,1801.59,2669.2,761.88,2334.83,1038.74,2043.73,1511.42,9000.94,14016.67,1275.99
2024-09-02,8290.51,4073.85,,1113.09,1377.26,1724.59,6029.62,,1940.36,1251.04,850.85,817.63,3826.9,750.2,6732.25,2747.95,9102.83,1872.97,6841.37,1466.53,4427.22,566.94,9193.51,2059.03,5459.99,1640.09,4230.8,1188.31,8287.27,1882.06,2844.86,1808.8,2585.62,751.94,2273.17,1021.0,2002.88,1473.71,8896.95,13552.48,1257.88
2024-09-03,8398.06,4101.15,,1121.88,1391.34,1707.51,5923.15,,1967.46,1262.7,864.96,826.43,3776.91,757.73,6693.54,2797.86,9212.97,1881.54,6908.57,1473.52,4500.99,571.89,9260.73,2036.99,5497.27,1659.08,4272.02,1197.24,8474.31,1885.56,2789.67,1793.2,2606.2,752.86,2299.94,1027.52,2048.27,1509.52,9105.7,13718.97,1264.77
2024-09-04,8381.83,4073.32,,1109.02,1393.83,1664.5,5902.29,,1969.8,1251.64,859.19,818.39,3714.77,746.4,6593.62,2780.21,9134.86,1868.12,6921.32,1440.7,4478.31,571.0,9207.81,2007.3,5547.12,1662.07,4227.37,1186.5,8436.66,1876.61,2774.52,1778.76,2576.13,746.6,2275.24,1020.6,2066.71,1519.8,9071.65,13596.25,1269.79
2024-09-05,8422.82,4070.26,,1145.82,1406.46,1669.76,5892.65,,1983.08,1253.05,862.73,824.66,3677.52,749.48,6629.83,2809.78,9170.87,1876.76,6989.64,1441.46,4511.85,576.55,9274.88,1982.24,5616.69,1666.68,4248.45,1211.83,8533.48,1889.85,2767.51,1806.94,2568.1,750.72,2322.2,1022.5,2067.9,1524.71,9064.09,13706.55,1270.32
2024-09-06,8305.78,3999.49,,1137.67,1380.42,1676.76,5904.32,,1941.06,1230.15,848.3,804.71,3677.52,730.93,6569.36,2752.3,9013.01,1876.76,6873.38,1431.19,4426.26,579.33,9142.92,1944.65,5500.73,1634.64,4197.28,1194.97,8373.39,1889.85,2741.62,1817.93,2515.69,743.68,2285.5,1022.5,2029.02,1500.73,8937.27,13500.53,1252.23
2024-09-09,8284.4,3982.56,,1132.58,1380.84,1634.46,5799.63,,1924.24,1221.4,843.89,802.75,3578.7,729.4,6436.77,2745.73,8851.15,1862.0,6861.35,1404.57,4380.51,579.19,9091.4,1896.86,5511.0,1621.98,4194.7,1186.68,8304.47,1884.51,2716.29,1790.87,2500.56,732.88,2274.02,1011.79,2015.75,1490.83,8777.83,13337.36,1244.6
2024-09-10,8330.84,4020.35,,1144.19,1366.87,1636.57,5842.62,,1921.01,1219.01,860.85,815.48,3575.78,740.33,6460.77,2813.83,8878.2,1858.02,6786.34,1403.37,4479.2,576.25,8874.14,1898.63,5464.35,1611.86,4152.91,1198.21,8498.22,1862.47,2708.92,1787.3,2517.9,730.04,2249.1,1010.98,2004.54,1485.03,8789.34,13363.61,1237.01
2024-09-11,8317.98,4009.59,,1148.39,1389.25,1649.96,5707.02,,1950.29,1222.61,865.75,814.9,3511.45,735.92,6441.0,2827.11,8833.72,1878.52,6821.17,1418.03,4488.09,576.87,8777.21,1868.21,5508.46,1645.42,4129.71,1199.14,8542.16,1899.55,2624.31,1775.2,2502.76,723.52,2247.84,1011.24,2076.84,1535.2,8910.94,13367.32,1243.38
2024-09-12,8282.34,3961.41,,1132.27,1377.59,1642.51,5747.84,,1952.6,1215.85,862.78,811.12,3544.94,734.75,6443.74,2826.75,8608.15,1879.4,6736.66,1414.88,4463.83,575.29,8623.6,1887.76,5483.16,1644.67,4089.12,1188.25,8540.46,1893.1,2636.37,1774.15,2478.76,722.91,2249.63,1014.43,2057.24,1523.39,8857.14,13112.59,1245.3
2024-09-13,8209.35,3912.81,,1115.35,1368.31,1682.36,5730.85,,1916.14,1197.32,866.7,819.59,3587.54,743.86,6390.65,2814.23,8400.44,1892.66,6676.3,1410.48,4413.04,576.08,8558.76,1871.2,5426.9,1605.59,4061.16,1164.44,8420.7,1931.37,2641.46,1785.41,2469.42,724.27,2267.51,1019.45,2001.34,1482.05,8855.02,12873.12,1226.02
2024-09-18,8211.96,3884.15,,1100.25,1370.99,1697.11,5789.25,,1901.7,1193.83,863.49,814.8,,733.91,6461.9,2811.02,8309.48,,6657.43,1420.6,4422.2,576.61,8530.15,1919.07,5378.28,1599.34,3985.37,1155.81,8426.88,,2647.84,1820.14,2433.14,720.2,2321.85,,1994.55,1482.29,9046.48,12778.02,1222.73
2024-09-19,8230.99,3918.37,,1132.5,1381.49,1721.9,5789.03,,1926.67,1224.91,869.46,812.49,3707.09,733.75,6591.99,2859.42,8530.56,1966.99,6731.58,1461.75,4511.43,584.62,8642.18,1936.13,5465.69,1614.3,4066.76,1184.44,8643.43,1954.1,2662.62,1822.1,2454.61,732.82,2386.82,1071.94,2009.67,1494.1,9182.45,13126.17,1231.35
2024-09-20,8096.74,3893.63,,1125.97,1355.98,1766.08,5832.24,,1899.44,1223.11,870.39,812.38,3757.4,735.54,6589.93,2880.72,8547.66,1999.77,6657.38,1480.01,4560.26,584.1,8645.91,1944.24,5422.84,1594.83,4025.29,1179.68,8729.23,2012.65,2658.12,1820.43,2464.48,726.93,2421.94,1088.65,1990.76,1481.37,9243.57,13107.26,1217.62
2024-09-23,8117.64,3851.1,,1118.47,1350.16,1785.52,5924.36,,1869.21,1215.74,871.56,817.23,3786.5,738.11,6624.48,2880.33,8608.0,1986.34,6616.23,1479.06,4579.29,584.02,8625.38,1978.67,5383.62,1585.39,4004.21,1178.74,8790.75,1970.58,2699.2,1835.94,2457.57,733.43,2423.1,1081.22,1976.33,1474.66,9307.31,13126.01,1214.91
2024-09-24,8374.72,4008.83,,1163.68,1386.73,1824.52,6177.19,,1948.19,1263.91,910.12,858.56,3951.5,779.84,6895.81,2993.28,9142.45,2066.51,6852.64,1536.42,4732.37,618.55,8943.14,2088.79,5584.95,1665.81,4215.68,1218.97,9095.0,2008.86,2791.57,1939.26,2567.55,773.9,2480.03,1127.61,2064.08,1556.67,9469.47,13856.61,1267.67
2024-09-25,8522.19,4031.33,,1179.05,1402.95,1853.67,6298.1,,1966.97,1273.38,912.86,857.59,3985.76,779.34,7076.28,3018.11,9193.83,2074.46,6937.31,1553.09,4789.87,631.73,9103.4,2101.28,5640.8,1682.5,4232.38,1229.25,9224.8,2033.96,2796.25,1967.7,2580.68,788.11,2522.17,1129.02,2083.61,1578.44,9579.13,13927.37,1279.05
2024-09-26,8798.69,4208.07,,1227.28,1459.49,1896.83,6524.92,,2045.14,1316.39,949.63,884.19,4076.43,802.55,7415.4,3141.58,10093.49,2194.64,7249.74,1610.99,5009.55,667.98,9502.05,2186.52,5918.53,1737.98,4434.37,1274.9,9675.16,2117.78,2823.04,2072.95,2651.19,828.37,2726.41,1212.45,2146.71,1633.7,10017.44,15093.95,1311.73
2024-09-27,9227.7,4520.82,,1303.5,1556.99,1926.17,6464.73,,2207.24,1387.68,1015.12,933.4,4177.97,850.06,7606.46,3389.67,10991.39,2316.43,7754.54,1678.14,5432.14,727.41,10004.08,2225.4,6443.84,1878.2,4678.16,1343.71,10571.39,2260.01,2874.35,2120.67,2827.53,848.8,2911.1,1275.49,2352.69,1776.17,10279.37,16217.33,1397.0
2024-09-30,10176.38,5227.47,,1464.35,1726.24,2032.27,6764.97,,2474.47,1527.38,1152.15,1045.5,4254.89,945.68,8189.44,3838.83,12025.94,2449.04,8583.05,1811.86,6093.82,802.82,10899.69,2377.1,7318.1,2101.4,5089.83,1493.75,12055.05,2415.5,3066.98,2308.89,3168.39,925.23,3183.01,1324.61,2686.77,1989.44,11155.12,17663.5,1548.89
2024-10-08,11119.54,6095.51,,1621.41,1883.52,2016.11,6957.16,,2743.57,1633.44,1314.64,1176.84,4254.39,1057.13,8495.71,4368.88,12376.91,2480.55,9304.53,1859.8,6817.29,887.58,11383.5,2373.69,8177.25,2336.49,5192.82,1626.01,13762.17,2426.77,3077.22,2461.96,3540.77,955.46,3266.84,1312.99,3073.95,2230.15,11788.47,18143.72,1693.99
2024-10-09,10330.82,6177.4,,1434.01,1751.96,1872.49,6531.67,,2443.2,1492.84,1240.96,1089.93,4103.36,984.37,7779.77,4138.4,11256.95,2453.22,8532.11,1704.2,6514.63,850.16,10467.4,2182.61,7281.07,2081.72,4763.39,1454.79,13176.15,2358.59,2901.86,2248.77,3394.32,876.1,2973.55,1308.24,2713.55,2002.86,10904.26,16574.61,1527.84
2024-10-10,10408.13,5822.6,,1409.01,1737.03,1900.82,6790.8,,2426.47,1510.57,1197.24,1071.54,4258.85,969.88,8247.12,3966.44,11407.83,2503.73,8519.21,1731.03,6186.79,798.83,10572.88,2298.13,7219.98,2079.96,4847.13,1447.19,12347.5,2388.93,2970.4,2324.29,3320.13,892.14,2926.67,1352.66,2695.47,1991.14,11054.63,16856.27,1533.52
2024-10-11,9872.93,5456.67,,1332.86,1642.51,1903.09,6717.97,,2318.38,1444.82,1141.68,1029.07,,930.21,7959.7,3798.69,11004.65,,8119.64,1695.54,5928.59,797.76,10171.57,2231.14,6823.87,1975.08,4680.53,1380.29,11856.85,,2915.35,2279.92,3142.9,877.99,2918.43,,2533.63,1869.7,10715.07,16426.81,1468.47
2024-10-14,10268.64,5669.89,,1376.06,1662.78,1951.92,6939.6,,2355.03,1482.81,1178.4,1056.74,4301.56,957.96,8221.83,3972.67,11108.03,2442.84,8182.13,1748.45,6202.74,802.54,10264.95,2276.81,6876.47,2010.92,4757.86,1408.85,12531.73,2302.38,2935.11,2339.42,3258.72,895.58,3028.41,1316.64,2576.78,1905.89,10985.2,16569.31,1492.73
2024-10-15,10215.06,5560.26,,1375.17,1621.24,1885.88,6794.34,,2299.05,1442.83,1153.1,1033.63,4168.79,938.33,7993.63,3913.17,10711.48,2332.64,7960.49,1687.26,6079.44,773.74,10051.71,2212.1,6643.98,1955.2,4652.8,1383.93,12322.95,2225.73,2867.48,2277.32,3189.27,874.4,2981.92,1253.51,2504.78,1849.89,10713.96,16038.09,1454.94
2024-10-16,10083.19,5450.94,,1405.21,1597.54,1943.33,6963.85,,2239.6,1434.34,1125.61,1002.21,4223.7,910.05,8082.37,3873.51,10594.81,2314.57,7841.03,1702.79,6014.38,778.97,10024.06,2202.39,6552.37,1912.41,4635.99,1396.74,12326.32,2207.07,2879.92,2278.6,3115.47,886.38,3148.26,1245.01,2434.85,1814.98,10612.98,15839.18,1427.89
2024-10-17,10157.87,5467.92,616.74,1432.23,1589.41,1919.63,6860.22,,2205.56,1422.6,1145.82,1008.2,4148.14,914.72,7925.68,3945.88,10345.21,2293.62,7768.4,1677.94,6128.09,773.94,9878.22,2176.14,6483.87,1886.59,4559.02,1407.68,12527.23,2186.33,2842.08,2267.9,3115.34,876.71,2951.83,1229.28,2412.21,1797.63,10535.91,15532.57,1408.39
2024-10-18,10530.46,6109.29,648.7,1467.82,1655.24,1969.9,6891.56,,2309.76,1470.9,1228.31,1077.83,4277.01,978.58,8071.61,4154.43,10690.95,2435.83,8056.44,1718.04,6440.51,827.16,10135.27,2208.21,6793.8,1985.04,4665.87,1443.07,13217.96,2287.32,2879.78,2305.45,3378.26,893.99,3004.58,1297.43,2575.17,1902.73,10936.5,15991.41,1472.15
2024-10-21,10979.44,6266.25,638.08,1534.41,1666.68,2018.13,6805.06,,2380.43,1500.61,1249.38,1093.33,4238.58,994.67,8138.13,4238.98,10728.43,2397.09,8111.22,1760.21,6599.25,809.96,10323.51,2203.66,6810.25,2025.13,4727.28,1479.46,13451.6,2243.5,2853.26,2298.8,3469.47,878.52,3013.58,1274.04,2598.85,1923.55,11005.14,16002.67,1492.33
2024-10-22,10825.77,6180.23,639.6,1531.17,1674.34,2017.72,6804.61,,2439.09,1534.38,1239.99,1092.47,4256.65,998.38,8148.89,4171.53,10902.68,2418.07,8190.1,1773.11,6492.7,816.61,10490.21,2219.0,6896.38,2064.55,4823.12,1484.82,13144.1,2252.82,2909.49,2310.12,3466.44,883.79,3042.69,1288.59,2625.96,1938.34,11339.79,16254.54,1517.54
2024-10-23,11096.25,6082.77,649.01,1495.6,1674.61,2019.11,6829.11,,2562.95,1554.5,1217.65,1075.94,4281.93,980.08,8210.79,4137.79,11074.92,2478.72,8195.93,1775.3,6459.1,812.41,10447.32,2225.62,6903.01,2134.32,4846.37,1464.44,13005.97,2276.74,2929.13,2354.56,3432.3,891.6,3048.0,1324.45,2686.36,1957.73,11334.49,16435.56,1562.45
2024-10-24,10827.84,6098.19,631.06,1471.97,1658.0,1970.89,6813.73,,2473.92,1528.49,1210.85,1084.69,4279.59,978.98,8082.28,4105.76,10826.11,2413.59,8094.56,1748.65,6401.61,810.98,10400.22,2209.69,6814.61,2068.48,4787.81,1457.53,12878.65,2213.77,2910.29,2336.49,3403.55,881.06,3036.94,1296.38,2592.44,1916.83,11268.44,16197.62,1521.74
2024-10-25,10941.92,6138.95,648.38,1521.95,1683.5,1952.08,6772.43,,2667.21,1576.72,1222.74,1095.2,4275.81,985.54,8132.98,4128.66,10927.22,2460.23,8200.11,1759.29,6439.14,817.35,10411.05,2215.22,7053.27,2193.65,4857.99,1491.83,12936.03,2266.97,2895.97,2317.48,3439.61,893.49,3088.63,1307.45,2729.33,2006.27,11343.57,16358.89,1593.94
2024-10-28,11117.84,6127.92,637.23,1559.37,1705.73,1958.36,6716.52,,2657.61,1595.27,1221.88,1089.06,4260.91,978.37,8187.97,4156.36,11248.91,2458.26,8284.08,1771.14,6509.63,818.25,10620.44,2264.75,7143.92,2187.14,4962.26,1523.48,13144.14,2240.26,2924.17,2303.53,3445.25,940.98,3197.37,1312.23,2715.19,2000.24,11533.27,16727.21,1590.83
2024-10-29,11007.63,6075.89,630.53,1532.58,1669.18,1959.24,6718.6,,2589.46,1572.49,1212.51,1084.01,4213.99,971.3,8029.87,4164.46,10964.93,2471.4,8123.88,1741.0,6534.13,809.43,10427.3,2194.53,6975.13,2137.52,4877.13,1491.99,13106.28,2220.0,2892.31,2307.79,3451.69,908.81,3131.14,1319.98,2653.8,1963.5,11513.9,16359.54,1560.06
2024-10-30,11043.36,6009.06,611.26,1528.97,1641.28,1959.3,6637.8,,2613.98,1570.92,1210.38,1079.93,4139.76,967.74,8014.49,4225.52,10759.41,2416.83,8027.55,1725.2,6633.61,807.25,10407.45,2179.67,6863.49,2120.71,4889.74,1490.05,13316.87,2152.38,2873.04,2248.17,3439.97,911.06,3179.0,1298.61,2628.59,1938.63,11469.76,16161.73,1551.26
2024-10-31,11090.32,6159.34,597.73,1527.62,1631.41,1918.13,6596.37,,2702.62,1609.4,1221.52,1092.57,4148.1,971.62,8109.61,4268.34,10694.81,2387.93,7986.85,1719.77,6736.43,829.7,10338.43,2176.29,6846.3,2165.34,4880.78,1491.93,13438.87,2105.42,2902.47,2240.6,3482.41,923.36,3288.2,1285.85,2656.1,1946.52,11355.09,16185.74,1574.79
2024-11-01,10767.68,5877.48,602.5,1467.11,1631.19,1929.31,6663.11,,2623.08,1709.89,1172.53,1061.32,4225.15,943.63,8234.94,4076.27,10847.95,2391.55,7998.62,1768.41,6449.8,820.07,10336.94,2195.81,6759.78,2132.55,4878.05,1447.64,12713.3,2118.33,2899.91,2248.2,3364.88,934.75,3285.92,1300.91,2600.07,1938.7,11116.78,16321.26,1552.03
2024-11-04,11022.47,5995.21,614.38,1505.16,1654.12,1934.56,6717.16,,2638.2,1700.42,1201.88,1086.68,4236.44,966.95,8311.37,4163.47,10989.61,2430.27,8084.44,1780.57,6621.74,852.02,10409.89,2205.97,6850.1,2152.54,4921.71,1487.32,13004.89,2155.85,2904.91,2269.56,3419.99,930.24,3283.34,1315.2,2654.87,1995.55,11304.25,16589.02,1566.22
2024-11-05,11702.18,6288.78,624.0,1548.69,1690.15,1964.03,6767.98,,2701.52,1793.31,1257.72,1130.0,4328.31,1000.03,8500.75,4390.2,11286.83,2515.1,8253.45,1835.21,7028.2,898.06,10586.41,2242.04,7061.05,2218.93,5015.02,1521.28,13970.74,2200.01,2928.22,2362.88,3565.67,962.42,3426.2,1355.14,2763.39,2064.34,11399.89,16920.17,1606.16
2024-11-06,11857.24,6362.02,614.61,1605.65,1691.24,1944.29,6707.07,,2673.2,1828.1,1256.46,1122.54,4247.03,985.23,8541.72,4414.18,11246.3,2456.37,8236.38,1848.13,7090.4,895.56,10548.18,2237.99,7042.63,2220.08,5084.36,1552.93,14105.19,2164.6,2902.02,2314.34,3559.27,969.86,3498.35,1323.56,2799.73,2084.09,11202.91,16876.78,1600.08
2024-11-07,11756.3,6543.9,617.1,1621.29,1733.33,1912.74,6846.27,,2650.05,1821.22,1286.56,1138.69,4345.91,996.33,8796.93,4550.23,12174.26,2497.0,8502.51,1845.63,7347.33,964.22,10990.83,2296.34,7304.27,2228.47,5206.6,1582.68,14738.0,2190.43,2944.73,2454.17,3619.05,993.64,3632.89,1360.07,2834.22,2117.78,11407.77,18018.42,1611.22
2024-11-08,12119.55,6584.88,618.55,1587.95,1717.81,1891.48,6751.51,,2662.15,1804.63,1293.41,1146.13,4287.97,1002.14,8610.5,4649.84,11884.11,2493.9,8455.26,1827.45,7464.0,939.14,10964.35,2282.74,7279.45,2224.91,5133.14,1561.51,14824.02,2177.09,2928.03,2406.31,3600.78,985.72,3512.61,1350.66,2819.08,2111.92,11504.84,17701.48,1607.39
2024-11-11,12403.06,6988.05,618.43,1671.5,1743.1,1860.46,6656.63,,2734.7,1835.98,1363.56,1190.71,4213.47,1039.5,8556.42,4911.28,11807.64,2494.58,8512.6,1836.74,7850.45,940.76,10963.2,2253.45,7394.93,2305.06,5127.25,1611.48,15552.09,2171.86,2923.62,2363.52,3751.51,978.26,3470.59,1334.95,2970.23,2221.97,11533.25,17584.44,1652.28
2024-11-12,11949.11,6830.97,615.81,1613.11,1758.81,1816.0,6591.38,,2698.12,1808.14,1343.3,1169.38,4103.38,1026.55,8416.58,4810.07,11724.99,2408.12,8601.49,1811.46,7693.63,919.96,11025.27,2220.02,7483.58,2294.41,5097.15,1582.06,15222.94,2157.63,2893.74,2292.7,3704.9,965.95,3448.34,1289.49,2939.49,2214.78,11544.07,17468.79,1636.83
2024-11-13,11952.89,6829.7,599.08,1650.16,1738.93,1825.56,6628.01,,2713.66,1825.81,1384.53,1183.47,4113.3,1041.64,8480.83,4919.73,11721.14,2405.04,8528.86,1825.85,7786.99,915.88,10938.4,2228.64,7391.37,2321.63,5075.04,1608.89,15480.31,2115.78,2912.65,2294.49,3708.89,964.28,3415.12,1289.57,2954.47,2226.84,11553.32,17460.33,1655.51
2024-11-14,11474.81,6570.93,587.67,1602.34,1686.36,1784.45,6642.37,,2636.34,1739.46,1326.82,1132.79,4017.51,996.21,8369.25,4695.39,11583.5,2333.96,8308.58,1769.6,7480.36,902.39,10712.98,2188.36,7147.85,2247.1,4952.92,1565.77,15041.33,2073.09,2867.39,2293.37,3576.42,937.01,3292.02,1255.69,2862.93,2143.0,11493.92,17209.01,1611.88
2024-11-15,11077.05,6291.65,584.57,1591.22,1653.37,1785.45,6618.97,,2541.13,1692.94,1286.09,1096.3,4027.59,965.54,8268.02,4535.79,11423.61,2325.36,8149.77,1740.96,7218.82,864.6,10533.91,2185.34,6973.79,2165.5,4873.11,1555.38,14505.85,2062.39,2840.48,2246.51,3484.73,924.11,3182.96,1256.22,2755.18,2066.91,11207.67,17049.79,1561.74
2024-11-18,10853.46,6132.76,572.49,1490.16,1626.01,1776.52,6752.12,,2489.31,1654.88,1230.95,1061.81,4096.14,930.67,8451.72,4274.21,11234.82,2325.58,8061.35,1711.67,6880.09,854.4,10447.89,2239.6,6836.91,2139.5,4824.66,1493.8,13639.06,2030.76,2872.12,2259.62,3387.27,935.81,3210.35,1262.04,2700.78,2037.93,10925.25,16783.97,1550.34
2024-11-19,11034.04,6343.11,574.53,1520.0,1642.9,1826.75,6733.76,,2560.42,1687.41,1258.56,1087.35,4109.51,950.67,8332.72,4394.09,11193.85,2346.98,8148.0,1765.32,7070.2,870.78,10549.07,2231.43,6961.19,2212.96,4892.22,1520.14,13958.02,2039.39,2868.31,2247.77,3469.94,934.71,3227.35,1272.98,2813.14,2126.07,11121.86,16803.19,1585.56
2024-11-20,11182.21,6353.82,595.97,1577.49,1697.35,1832.97,6700.8,,2544.35,1708.78,1281.06,1094.51,4116.09,960.33,8346.11,4489.12,11269.34,2369.66,8330.05,1773.76,7166.52,872.15,10654.97,2243.25,7098.72,2210.44,4932.52,1562.49,14245.28,2103.86,2881.62,2246.55,3469.57,941.69,3249.33,1279.05,2816.1,2138.97,11208.79,16901.64,1584.95
2024-11-21,11168.67,6386.47,592.52,1574.59,1694.11,1858.95,6692.64,,2546.27,1708.93,1294.0,1079.67,4105.14,951.39,8307.12,4525.16,11235.33,2343.33,8285.96,1781.31,7268.29,881.46,10644.94,2242.11,7022.66,2215.89,4936.4,1565.98,14527.32,2085.75,2889.47,2248.83,3461.48,944.67,3238.03,1265.37,2814.74,2146.83,11216.58,16896.77,1588.36
2024-11-22,10760.59,6102.4,574.47,1542.71,1621.11,1829.83,6544.12,,2431.6,1702.09,1253.06,1039.65,3988.05,917.34,8060.34,4356.48,10826.82,2283.19,7954.68,1731.39,7022.79,838.64,10259.09,2162.75,6709.12,2129.97,4764.5,1529.69,14073.55,2018.69,2811.16,2151.38,3323.77,914.61,3158.0,1241.11,2710.22,2070.28,10919.4,16313.71,1530.67
2024-11-25,10620.16,6045.53,581.94,1568.18,1621.69,1809.88,6554.98,,2443.99,1708.94,1239.49,1016.0,3982.44,897.4,8035.05,4312.92,10826.88,2285.96,7922.86,1725.52,7004.09,832.4,10268.51,2158.9,6694.03,2155.76,4768.81,1567.99,14062.47,2038.15,2782.99,2132.31,3269.03,920.47,3150.05,1235.02,2759.29,2103.92,10788.38,16328.43,1545.76
2024-11-26,10508.32,5995.21,582.76,1556.53,1625.04,1799.16,6617.23,,2435.54,1659.95,1216.71,1017.1,3954.25,898.36,7992.58,4229.68,10898.06,2267.27,7935.83,1699.73,6855.66,831.4,10266.34,2147.05,6676.44,2110.17,4767.72,1555.47,13722.05,2048.54,2765.34,2145.96,3248.86,912.64,3161.41,1229.32,2664.19,2034.49,10713.62,16460.81,1521.19
2024-11-27,10841.82,6183.71,601.2,1639.34,1664.87,1807.96,6686.27,,2491.91,1676.87,1257.24,1042.29,3998.33,924.55,8093.62,4355.73,11074.67,2349.47,8077.68,1715.39,7071.78,851.53,10403.96,2165.5,6805.5,2157.44,4809.3,1612.37,14268.93,2111.48,2795.02,2176.16,3369.29,920.33,3215.97,1273.58,2727.62,2077.24,10962.37,16687.12,1553.8
2024-11-28,10775.62,6168.09,592.22,1615.08,1651.48,1779.1,6668.28,,2476.38,1653.02,1245.84,1026.53,3941.93,907.93,8088.08,4321.41,10949.4,2317.78,7995.85,1691.34,7034.58,842.86,10343.85,2146.11,6706.54,2134.8,4794.3,1590.13,14017.04,2081.56,2781.7,2155.31,3334.89,924.29,3252.73,1251.73,2681.37,2044.25,10799.18,16555.7,1540.37
2024-11-29,10898.48,6290.81,596.91,1631.77,1682.09,1797.89,6668.64,,2512.76,1685.06,1279.04,1046.68,3948.81,922.07,8135.47,4444.6,11092.96,2337.53,8116.17,1713.15,7250.36,865.82,10453.18,2157.53,6827.32,2164.28,4851.11,1609.07,14575.15,2104.57,2791.1,2170.75,3394.39,929.5,3265.57,1255.67,2722.76,2077.09,10968.47,16840.45,1557.99
2024-12-02,11022.24,6347.22,601.89,1653.27,1699.12,1808.66,6644.21,,2522.95,1718.82,1294.37,1069.73,3984.41,945.04,8234.42,4503.75,11142.61,2366.31,8192.05,1727.14,7290.72,876.02,10567.39,2185.05,6958.45,2176.04,4915.36,1636.86,14716.25,2118.24,2826.46,2197.95,3452.44,956.9,3351.2,1271.57,2751.38,2108.44,11166.16,17039.98,1568.98
2024-12-03,10918.5,6254.37,611.44,1633.19,1697.97,1813.01,6749.13,,2526.88,1725.15,1273.24,1057.33,4037.81,934.19,8303.27,4430.7,11087.16,2377.92,8161.2,1724.89,7174.49,875.99,10540.74,2202.46,6948.02,2174.73,4931.56,1616.46,14640.55,2139.85,2871.82,2228.95,3418.63,953.7,3378.74,1277.47,2730.33,2092.9,11150.68,17036.19,1573.69
2024-12-04,10797.56,6267.34,604.5,1581.04,1668.63,1811.08,6757.83,,2455.49,1723.04,1259.52,1044.19,4067.27,921.71,8224.01,4372.26,10981.5,2365.84,8059.38,1723.71,7094.21,865.88,10445.05,2240.38,6839.53,2126.9,4862.23,1568.97,14390.91,2119.79,2867.92,2208.34,3389.67,955.82,3304.69,1272.06,2673.41,2060.51,11165.3,16876.59,1545.71
2024-12-05,10916.26,6259.89,595.01,1648.69,1663.55,1794.96,6744.8,,2458.36,1712.0,1277.86,1055.58,4053.39,930.73,8211.03,4443.72,10937.04,2346.24,8022.55,1711.81,7191.02,875.67,10391.72,2242.17,6839.86,2123.59,4852.69,1614.64,14853.48,2085.96,2856.68,2194.14,3392.55,965.98,3325.19,1258.29,2672.55,2053.0,11200.98,16785.21,1543.12
2024-12-06,11010.36,6330.84,605.57,1685.89,1707.73,1807.64,6823.98,,2467.43,1716.45,1289.29,1070.57,4082.31,943.92,8307.18,4478.92,11023.83,2393.17,8197.38,1729.37,7266.47,886.71,10488.47,2278.71,7058.2,2147.6,4882.34,1653.38,14902.99,2104.56,2884.26,2267.3,3449.71,985.85,3367.97,1282.71,2720.2,2084.15,11304.42,16923.46,1557.87
2024-12-09,10866.46,6224.58,625.55,1689.69,1716.76,1840.63,6845.22,,2434.42,1699.12,1276.16,1057.29,4204.74,930.77,8250.16,4442.73,11010.03,2483.98,8192.39,1733.98,7224.82,877.79,10424.05,2284.77,7064.23,2132.7,4838.16,1667.51,14807.47,2173.56,2901.65,2267.04,3416.96,987.14,3265.76,1327.27,2713.83,2083.58,11344.01,16873.2,1551.69
2024-12-10,11011.55,6287.65,608.21,1692.26,1705.41,1834.16,6922.31,,2439.03,1710.85,1285.82,1057.41,4148.45,937.92,8265.83,4498.56,11236.03,2443.21,8193.09,1738.58,7332.82,886.22,10473.82,2283.09,7091.06,2126.76,4877.31,1686.77,15057.03,2119.28,2876.69,2300.58,3445.95,985.24,3297.37,1317.47,2705.57,2080.41,11476.79,17223.28,1545.17
2024-12-11,11061.93,6304.46,606.34,1697.32,1706.9,1863.53,6838.77,,2454.77,1725.78,1296.56,1073.09,4126.71,954.74,8304.51,4529.38,11295.7,2417.27,8227.91,1761.61,7325.4,883.76,10555.01,2319.65,7119.34,2121.61,4942.11,1708.01,15040.66,2112.61,2891.77,2253.13,3470.25,1003.63,3373.73,1303.26,2690.85,2066.13,11593.91,17471.88,1542.59
2024-12-12,11236.06,6335.97,603.68,1715.11,1709.79,1877.91,6926.3,,2460.29,1714.85,1307.97,1085.03,4147.33,962.26,8342.05,4554.93,11562.63,2450.29,8289.34,1772.29,7348.76,896.02,10761.09,2304.59,7156.59,2139.64,5024.28,1726.14,15041.06,2110.32,2899.79,2289.8,3481.34,997.37,3408.33,1330.38,2710.73,2087.36,11666.73,17906.72,1553.53
2024-12-13,10925.58,6249.44,589.65,1728.39,1675.55,1821.0,6787.1,,2394.53,1675.2,1285.33,1066.96,4092.4,947.81,8151.64,4462.96,11138.59,2388.68,8098.71,1718.78,7167.17,869.08,10541.21,2240.39,6972.44,2084.85,4946.41,1739.75,14580.39,2070.1,2867.11,2212.94,3421.59,975.18,3295.31,1295.48,2641.2,2035.47,11384.49,17385.27,1521.71
2024-12-16,10777.21,6133.5,576.79,1674.12,1656.52,1786.91,6853.2,,2358.05,1649.23,1267.98,1061.46,4122.67,942.71,8082.23,4400.5,10903.91,2342.71,8006.28,1693.17,7038.01,856.22,10439.09,2259.16,6893.92,2055.38,4907.84,1722.92,14264.66,2027.0,2914.31,2195.78,3384.51,966.42,3252.38,1276.02,2603.18,2001.35,11259.16,17121.24,1512.46
2024-12-17,10628.78,6063.18,575.27,1615.39,1645.6,1767.2,6837.68,,2340.2,1634.27,1258.97,1070.39,4096.82,948.66,8034.33,4335.52,10924.01,2334.22,7961.5,1681.05,6944.05,855.76,10336.06,2236.95,6814.51,2049.84,4853.87,1680.89,13989.61,2009.61,2895.93,2191.61,3383.11,952.05,3162.62,1267.76,2601.3,2005.04,11186.52,17055.34,1508.89
2024-12-18,10712.78,6245.08,586.48,1632.21,1647.49,1766.49,6917.6,,2335.71,1636.84,1282.75,1076.59,4127.63,958.72,8082.58,4383.98,10894.42,2376.9,7975.79,1673.78,7058.26,854.63,10343.09,2267.4,6838.52,2042.65,4832.99,1688.0,14168.84,2042.91,2919.08,2198.21,3445.53,963.76,3160.66,1283.5,2593.16,1998.76,11276.08,17018.38,1506.76
2024-12-19,10728.84,6371.83,578.77,1645.94,1643.1,1750.84,6852.98,,2331.38,1640.68,1320.07,1116.15,4099.49,994.58,8087.6,4526.22,10705.79,2366.67,7965.25,1665.84,7270.49,852.84,10410.54,2217.29,6795.69,2031.99,4813.78,1676.8,14344.69,2015.69,2881.61,2186.99,3538.35,958.45,3120.84,1277.82,2597.14,1998.84,11349.97,16805.12,1498.24
2024-12-20,10839.37,6597.96,573.32,1646.05,1642.11,1731.68,6844.28,,2317.65,1643.67,1328.9,1120.3,4053.17,996.33,7985.61,4538.93,10696.43,2373.2,7963.05,1655.1,7285.46,855.78,10542.76,2171.57,6787.05,2021.16,4785.72,1666.37,14434.13,2001.0,2853.74,2173.35,3600.98,946.08,3128.02,1278.25,2589.74,1994.07,11380.48,16833.44,1488.09
2024-12-23,10644.32,6467.57,574.35,1549.08,1619.7,1738.87,6959.09,,2316.34,1611.12,1305.38,1101.22,4122.5,977.13,8029.47,4427.41,10568.35,2373.81,7888.18,1648.45,7139.73,844.76,10379.56,2146.74,6713.24,2013.98,4727.74,1588.36,13910.05,2014.88,2885.99,2190.95,3523.83,931.98,3022.33,1273.43,2559.06,1967.61,11353.51,16632.33,1488.77
2024-12-24,10685.6,6574.55,578.71,1561.04,1634.05,1741.32,7051.41,,2357.76,1637.36,1309.93,1111.64,4202.77,986.81,8128.02,4431.7,10644.47,2404.45,7964.29,1663.45,7172.29,860.19,10412.56,2154.97,6791.12,2047.68,4763.56,1596.32,14019.08,2033.73,2917.42,2230.01,3576.75,944.03,3034.69,1287.56,2607.28,1999.89,11563.91,16826.24,1510.93
2024-12-25,10616.98,6556.1,,1534.58,1622.71,1724.76,7128.75,,2340.68,1612.99,1303.64,1113.48,,988.38,8103.97,4388.55,10599.81,,7928.45,1644.03,7130.87,855.1,10359.43,2169.52,6739.6,2027.58,4724.93,1562.93,13826.79,,2915.74,2244.03,3551.02,933.95,2989.62,,2570.11,1974.78,11387.38,16733.88,1500.88
2024-12-26,10759.46,6689.76,,1538.55,1614.33,1735.45,7113.41,,2332.19,1633.13,1342.8,1166.16,,1032.01,8052.85,4503.43,10581.92,,7871.98,1650.8,7254.58,855.75,10269.77,2148.22,6707.31,2013.04,4721.26,1568.22,14039.95,,2869.53,2236.41,3639.88,934.85,2986.91,,2588.35,1981.55,11539.91,16708.98,1486.95
2024-12-27,10921.48,6608.43,573.84,1545.5,1615.86,1731.2,7109.59,,2320.57,1639.27,1321.33,1151.6,4213.48,1013.19,8095.33,4450.9,10596.62,2424.26,7889.06,1643.93,7172.16,862.37,10353.77,2152.36,6704.51,2012.04,4821.88,1580.92,14007.31,2015.23,2903.22,2232.85,3595.72,936.54,3016.24,1287.66,2576.88,1982.32,11470.54,16740.78,1489.35
2024-12-30,10874.96,6604.3,579.69,1545.05,1618.94,1728.86,7198.22,,2326.01,1637.46,1314.22,1145.1,4233.36,1007.36,8127.2,4429.21,10484.92,2416.64,7892.99,1653.22,7155.85,870.62,10335.13,2175.19,6687.51,2018.49,4762.75,1576.87,13967.3,2024.46,2875.87,2263.2,3632.18,931.56,2971.0,1278.26,2582.75,1990.71,11446.3,16611.65,1490.54
2024-12-31,10650.79,6308.75,581.58,1486.25,1587.24,1709.86,7119.56,,2264.68,1583.35,1263.56,1112.42,4243.63,971.59,8004.11,4267.33,10450.69,2402.33,7752.42,1609.1,6885.14,831.49,10151.96,2161.16,6558.23,1976.22,4704.1,1536.1,13310.77,2025.81,2858.9,2213.4,3502.61,913.59,2918.76,1277.97,2522.63,1944.6,11271.92,16546.59,1467.6
2025-01-02,10176.93,6025.72,564.66,1442.48,1548.58,1737.38,6963.93,,2208.42,1540.61,1212.85,1071.92,4146.24,935.06,7724.56,4072.43,10152.74,2342.29,7558.3,1594.72,6531.01,787.5,9916.94,2104.37,6403.21,1920.27,4601.85,1501.34,12635.54,1966.74,2776.81,2119.95,3368.44,897.04,2872.84,1259.17,2436.34,1879.32,11223.42,16266.58,1427.49
2025-01-03,9876.6,5895.15,561.83,1380.41,1533.63,1764.65,6914.47,,2155.28,1515.85,1177.41,1038.61,4160.14,913.92,7645.61,3902.77,10036.7,2370.59,7475.74,1602.77,6262.5,765.75,9835.16,2103.42,6312.14,1880.4,4522.37,1439.86,12097.34,1955.85,2752.65,2086.52,3296.93,878.96,2782.06,1274.75,2378.63,1844.07,10999.31,15981.38,1401.62
2025-01-06,9763.68,5846.52,560.28,1374.41,1544.07,1759.14,6970.02,,2164.26,1536.25,1177.62,1033.23,4150.1,909.76,7652.0,3877.08,9746.68,2358.31,7531.71,1615.71,6215.04,765.18,10094.44,2102.22,6339.82,1886.09,4537.68,1432.48,11987.71,1952.51,2743.35,2084.32,3278.46,888.14,2761.27,1261.83,2401.3,1855.17,11033.84,15650.31,1401.93
2025-01-07,9936.75,6102.77,555.01,1405.28,1522.02,1794.88,7003.93,,2176.92,1571.77,1215.49,1069.51,4104.25,940.78,7643.02,3981.1,9787.33,2324.98,7418.86,1648.48,6351.18,773.68,9930.15,2085.58,6264.1,1889.16,4553.06,1459.47,12236.14,1936.5,2723.19,2083.23,3416.84,889.68,2790.34,1238.13,2417.55,1872.37,11213.48,15684.75,1398.42
2025-01-08,9867.07,6113.36,544.97,1397.24,1506.74,1784.98,7050.45,,2171.78,1547.48,1209.37,1058.99,4087.15,931.48,7601.24,3935.69,9738.14,2282.37,7356.21,1622.71,6283.01,766.89,9872.3,2062.31,6204.39,1880.89,4497.14,1458.78,12125.8,1906.38,2741.83,2094.63,3386.69,879.52,2778.42,1218.1,2406.29,1854.47,11482.67,15680.39,1397.57
2025-01-09,10006.74,6135.38,549.05,1403.79,1503.54,1786.15,6991.99,,2158.05,1561.8,1213.12,1073.2,4045.38,943.36,7517.25,3969.74,9784.23,2297.51,7321.26,1630.15,6349.2,762.67,9802.36,2038.16,6163.63,1875.85,4473.19,1459.31,12235.62,1924.76,2698.48,2076.11,3411.32,873.74,2777.4,1221.79,2435.9,1875.14,11602.96,15667.41,1391.55
2025-01-10,9868.93,6101.3,543.37,1367.49,1487.55,1784.96,6945.1,,2086.65,1549.03,1179.47,1043.21,4015.16,915.21,7395.1,3830.79,9611.94,2270.45,7238.02,1624.5,6174.44,749.55,9601.77,2004.51,6080.04,1827.98,4400.05,1411.17,11936.76,1898.13,2652.27,2039.28,3374.31,859.04,2699.72,1202.9,2396.2,1863.69,11284.53,15405.81,1361.98
2025-01-13,9872.63,6081.72,537.95,1377.57,1495.66,1816.25,6866.24,,2094.47,1565.19,1176.1,1037.81,4012.53,909.87,7369.43,3852.31,9719.22,2248.91,7266.84,1660.44,6194.8,752.61,9580.99,1999.18,6136.45,1841.6,4422.33,1408.69,12045.55,1883.53,2640.5,2018.65,3349.38,865.51,2730.01,1185.46,2405.29,1876.61,11055.76,15465.4,1365.17
2025-01-14,10225.48,6324.72,552.32,1443.53,1540.53,1825.63,6959.41,,2166.66,1628.57,1228.49,1083.76,4057.89,954.89,7581.14,4075.78,10011.88,2325.64,7453.51,1686.02,6560.21,784.09,9818.0,2038.23,6312.45,1898.8,4533.53,1476.71,12837.82,1933.35,2686.41,2061.45,3494.16,886.74,2814.03,1219.14,2502.98,1951.76,11422.44,15788.38,1402.77
2025-01-15,10054.9,6313.0,545.3,1450.18,1523.53,1794.45,7015.92,,2178.82,1621.45,1217.67,1063.31,4058.68,939.99,7539.98,4036.41,9979.58,2326.72,7375.32,1665.21,6472.22,776.52,9744.33,2024.74,6223.33,1894.63,4498.25,1485.06,12660.34,1912.92,2680.72,2053.52,3449.43,886.77,2804.69,1217.28,2475.88,1930.77,11340.21,15691.43,1399.43
2025-01-16,10047.81,6177.66,544.94,1448.55,1520.94,1828.68,7081.33,,2208.1,1625.91,1216.61,1081.69,4074.53,952.45,7594.19,4079.4,9900.99,2352.19,7358.1,1696.22,6498.57,775.38,9723.73,2054.4,6231.06,1908.32,4506.96,1487.7,12770.72,1913.37,2683.11,2067.03,3413.31,896.14,2810.94,1233.67,2485.78,1931.41,11451.83,15623.67,1407.39
2025-01-17,10151.41,6328.22,555.51,1444.77,1527.47,1833.21,7035.6,,2201.16,1631.45,1221.52,1098.82,4063.44,963.87,7623.64,4077.42,9967.03,2384.96,7372.54,1701.98,6509.33,777.67,9799.23,2043.68,6239.76,1908.14,4563.2,1472.43,12788.73,1943.76,2679.55,2075.47,3482.28,889.08,2812.19,1239.06,2495.67,1943.11,11480.44,15766.81,1407.31
2025-01-20,10245.78,6320.39,564.53,1452.58,1559.15,1814.66,7006.5,1017.1,2210.5,1623.69,1237.2,1115.78,4055.76,980.14,7639.66,4113.55,10087.12,2441.5,7473.05,1689.47,6538.37,781.6,9777.6,2020.94,6301.42,1925.85,4548.98,1489.35,12813.37,1976.3,2671.27,2087.64,3524.62,893.58,2825.76,1270.88,2550.0,1970.84,11511.02,15830.04,1419.4
2025-01-21,10182.98,6415.0,565.59,1477.63,1551.05,1817.74,7005.06,1005.6,2180.45,1617.33,1263.3,1142.52,4074.62,1005.14,7600.56,4159.02,9998.24,2489.77,7465.5,1682.07,6610.63,783.66,9742.4,1993.9,6280.21,1899.43,4507.95,1500.66,12919.82,1982.81,2665.17,2082.94,3580.41,881.43,2860.48,1289.0,2543.59,1974.8,11563.66,15741.64,1405.62
2025-01-22,10109.1,6403.13,567.76,1455.22,1544.67,1841.85,6876.01,994.68,2146.31,1606.55,1280.06,1168.47,4049.55,1026.66,7523.48,4194.85,9808.08,2447.39,7402.06,1681.58,6604.35,780.06,9638.23,1976.37,6209.09,1872.4,4488.3,1475.92,12819.15,1979.03,2654.0,2050.86,3589.7,880.5,2764.93,1260.45,2497.4,1946.2,11393.58,15457.8,1385.98
2025-01-23,10024.7,6308.13,562.65,1462.16,1536.22,1821.32,7035.85,997.45,2135.32,1602.45,1259.64,1144.63,4083.32,1005.98,7551.03,4154.2,9798.87,2412.01,7396.8,1667.74,6566.58,782.95,9622.54,1983.64,6220.93,1867.58,4497.29,1474.96,12780.15,1969.23,2658.16,2121.9,3526.82,877.29,2793.18,1246.6,2480.97,1931.89,11362.11,15446.71,1381.96
2025-01-24,10128.87,6369.0,570.2,1499.78,1544.72,1840.22,7041.45,1006.54,2174.94,1634.37,1291.34,1172.34,4107.85,1031.74,7612.46,4308.85,9711.46,2480.57,7420.76,1684.71,6800.48,792.25,9608.72,2001.35,6263.93,1890.98,4529.37,1508.67,13375.86,2000.56,2654.09,2130.8,3594.6,895.24,2793.71,1273.09,2516.65,1961.73,11462.65,15398.86,1394.69
2025-01-27,10012.89,6193.43,574.44,1491.78,1543.66,1838.71,7140.76,1005.79,2137.86,1594.44,1258.28,1111.78,4139.6,982.03,7648.09,4207.23,9649.4,2491.71,7423.42,1679.08,6680.36,771.25,9651.58,2017.94,6236.14,1869.12,4572.01,1503.6,13269.96,2019.85,2693.51,2125.51,3489.96,905.27,2754.24,1287.2,2470.4,1928.01,11382.35,15361.97,1386.71
2025-02-05,10107.36,6363.02,580.01,1592.33,1549.14,1915.91,7024.58,1028.38,2137.87,1625.49,1299.24,1074.5,4126.93,963.36,7503.58,4452.25,9478.89,2642.37,7435.04,1697.9,7139.61,772.4,9711.46,1983.07,6278.91,1862.38,4542.97,1547.22,14286.42,2043.48,2670.48,2076.7,3543.55,897.14,2733.24,1338.22,2482.95,1948.53,11289.38,15057.3,1377.75
2025-02-06,10428.53,6637.98,604.58,1659.36,1569.22,1921.49,7026.64,1043.69,2181.44,1701.28,1335.8,1111.57,4156.89,999.13,7542.45,4581.55,9534.1,2743.01,7526.06,1717.49,7357.39,784.85,9755.78,1993.54,6405.08,1903.73,4556.92,1602.03,14745.81,2128.47,2689.24,2097.45,3657.51,907.48,2756.39,1362.54,2570.8,2041.34,11536.86,15165.06,1401.84
2025-02-07,10512.67,6658.07,604.25,1688.74,1582.75,1938.16,7004.73,1054.9,2264.32,1715.27,1376.45,1134.46,4155.87,1020.03,7664.69,4752.29,9661.13,2805.53,7639.01,1737.19,7584.54,801.22,9810.42,2018.72,6585.39,1957.82,4575.97,1620.87,15163.25,2124.84,2701.1,2122.4,3698.15,929.62,2818.57,1396.07,2623.97,2077.18,11723.53,15352.51,1435.67
2025-02-10,10617.61,6728.8,611.59,1751.92,1596.61,1963.95,7013.71,1082.18,2238.69,1716.33,1408.28,1142.44,4157.45,1024.4,7694.33,4896.0,9677.26,2869.0,7723.91,1743.59,7778.24,802.7,9824.66,2015.78,6777.04,1942.48,4572.7,1657.72,15645.02,2165.33,2690.61,2121.94,3724.77,939.33,2858.2,1428.95,2602.09,2067.67,11757.76,15395.67,1424.66
2025-02-11,10508.86,6652.5,598.4,1767.74,1576.2,1981.72,7078.62,1080.5,2197.09,1703.91,1399.31,1143.32,4161.92,1023.93,7675.61,4846.57,9568.11,2796.53,7637.9,1742.94,7691.78,796.89,9774.73,2003.59,6674.31,1909.86,4553.97,1661.52,15489.28,2112.67,2681.78,2112.25,3709.21,934.45,2808.55,1399.91,2574.09,2047.1,11740.24,15271.21,1406.55
2025-02-12,10592.98,6867.34,597.54,1829.31,1578.4,1945.71,7134.79,1084.91,2217.06,1711.31,1428.31,1169.36,4217.94,1049.04,7728.98,4984.53,9710.76,2894.55,7660.36,1731.87,7880.91,809.79,9790.64,1997.43,6724.83,1935.31,4571.12,1688.43,15969.35,2125.04,2687.78,2129.08,3816.29,934.48,2897.89,1442.1,2610.81,2085.88,11791.14,15438.05,1420.17
2025-02-13,10499.81,6668.07,589.21,1848.98,1569.61,1942.87,7139.69,1071.08,2187.67,1673.35,1399.07,1132.62,4168.78,1016.74,7713.58,4904.32,10055.15,2849.04,7641.58,1721.04,7738.62,805.09,9789.99,1994.39,6696.55,1926.7,4633.05,1674.3,15755.91,2100.47,2688.14,2125.83,3724.86,939.33,2916.87,1439.4,2595.26,2064.52,11760.95,15732.08,1417.02
2025-02-14,10494.21,6659.09,629.22,1955.12,1599.45,1958.41,7169.93,1072.18,2199.44,1673.59,1430.3,1138.7,4227.28,1024.01,7762.25,5121.28,10023.35,3024.82,7821.96,1733.06,8027.02,806.87,9882.69,1990.01,7007.07,1941.56,4625.72,1713.24,16306.55,2255.36,2688.58,2155.75,3737.89,934.16,2873.73,1521.55,2619.95,2096.64,11765.11,15683.35,1426.84
2025-02-17,10474.17,6743.73,637.03,1938.57,1608.75,1887.61,7149.48,1099.83,2215.51,1678.41,1462.18,1176.23,4265.47,1050.12,7763.64,5205.99,10069.68,3030.61,7848.33,1694.83,8072.8,809.46,9785.77,1972.57,7107.75,1943.71,4641.51,1735.12,16282.59,2265.34,2724.24,2155.67,3772.25,941.7,2888.97,1520.22,2615.43,2085.75,11805.05,15696.45,1430.6
2025-02-18,10199.27,6610.74,646.91,1870.89,1590.96,1895.17,7226.16,1073.09,2180.21,1653.38,1423.5,1147.27,4280.13,1025.1,7676.57,5016.43,9939.87,3119.16,7720.11,1681.22,7783.19,788.3,9642.78,1944.98,6923.59,1934.3,4577.53,1681.06,15637.04,2304.51,2722.1,2144.45,3698.57,929.13,2808.5,1563.66,2625.47,2091.92,11592.9,15505.83,1426.54
2025-02-19,10397.16,6894.0,655.87,1903.87,1595.51,1897.52,7193.36,1095.11,2214.55,1707.74,1462.14,1171.42,4242.95,1046.6,7791.19,5133.23,9990.69,3147.21,7755.54,1694.41,7986.74,798.53,9645.31,1932.0,7019.34,1958.0,4612.95,1698.17,16053.61,2324.54,2716.3,2143.06,3802.01,927.79,2843.52,1557.25,2673.79,2142.95,11716.19,15626.43,1438.38
2025-02-20,10560.67,6862.07,661.77,1869.13,1627.69,1914.48,7184.41,1108.78,2189.28,1729.99,1459.31,1177.84,4243.78,1054.59,7707.27,5125.81,9959.9,3081.67,7895.89,1700.97,7959.3,795.76,9633.45,1933.98,7234.8,1937.78,4593.09,1692.04,15990.56,2343.25,2711.87,2115.81,3811.87,936.45,2827.16,1520.1,2657.37,2137.59,11754.53,15622.08,1426.19
2025-02-21,10668.82,7213.57,698.26,1930.07,1676.91,1886.25,7093.65,1105.13,2202.93,1736.08,1544.15,1225.14,4286.87,1096.86,7704.28,5457.72,10043.17,3296.55,7995.16,1694.91,8379.28,812.32,9572.74,1924.24,7304.07,1960.75,4602.64,1726.32,16662.7,2461.88,2704.65,2133.28,3957.16,936.82,2828.11,1607.86,2713.67,2188.77,11872.27,15649.83,1438.81
2025-02-24,10703.29,7235.86,681.55,1894.72,1652.7,1888.41,7041.12,1118.69,2225.84,1741.17,1542.01,1210.36,4252.05,1085.67,7893.38,5455.46,10195.01,3247.41,7891.52,1693.64,8415.05,807.48,9556.77,1927.44,7135.85,1965.11,4660.63,1696.71,16630.17,2406.0,2704.22,2153.68,3966.96,939.34,2874.62,1596.28,2716.17,2178.33,11934.24,15757.47,1441.34
2025-02-25,10637.36,7210.6,680.39,1830.31,1635.52,1861.02,6985.94,1114.83,2229.52,1725.7,1519.48,1191.14,4211.95,1076.13,7841.66,5357.54,10005.21,3229.5,7789.06,1675.54,8237.22,795.22,9438.28,1921.05,7026.9,1965.75,4572.77,1663.63,16277.34,2394.8,2678.63,2112.76,3955.98,937.37,2854.33,1575.22,2700.29,2174.58,11735.67,15515.58,1438.15
2025-02-26,10713.97,7334.59,701.82,1832.37,1667.48,1856.11,7021.85,1131.03,2302.01,1748.08,1534.68,1198.72,4260.36,1077.52,7924.91,5360.83,10118.6,3353.02,7863.17,1685.18,8277.7,815.68,9519.5,1937.47,7063.29,2008.22,4590.94,1666.56,16418.33,2450.35,2701.85,2144.93,3971.21,986.79,2919.21,1645.8,2753.38,2209.66,11881.38,15677.69,1466.72
2025-02-27,10594.82,7300.73,708.4,1841.93,1671.64,1839.36,7112.33,1129.14,2273.0,1732.32,1502.8,1162.67,4253.37,1049.01,7935.79,5212.02,10371.95,3328.99,7884.73,1676.94,8080.59,814.23,9565.07,1925.23,7068.54,2007.81,4587.05,1671.0,15978.91,2467.93,2689.58,2151.82,3936.72,991.4,2941.39,1637.17,2767.19,2223.43,11876.55,16045.69,1464.19
2025-02-28,10288.33,6947.26,678.15,1746.38,1631.14,1802.06,7068.32,1100.1,2225.23,1690.79,1412.27,1096.73,4200.33,995.33,7871.9,4894.57,10341.07,3153.47,7722.14,1651.6,7663.96,788.78,9508.15,1901.27,6877.17,1969.47,4571.04,1598.44,15126.75,2364.3,2668.25,2082.88,3763.09,970.14,2895.53,1563.56,2690.42,2151.4,11512.44,16017.33,1438.4
2025-03-03,10332.55,6847.06,669.92,1774.99,1636.78,1818.32,7067.16,1107.62,2233.92,1723.74,1403.1,1077.34,4217.63,975.77,7896.95,4903.12,10201.19,3134.16,7763.0,1691.88,7674.13,785.75,9590.71,1906.81,6936.77,2014.4,4622.28,1608.7,15268.4,2349.82,2659.97,2076.37,3734.7,973.37,2908.08,1570.15,2778.4,2214.28,11396.55,15896.98,1459.23
2025-03-04,10635.72,7031.27,667.0,1774.04,1635.36,1860.84,7055.5,1126.16,2240.41,1734.24,1423.91,1092.97,4209.49,986.52,7882.28,4961.49,10068.57,3091.96,7782.7,1702.33,7773.11,789.78,9593.54,1885.11,7015.44,1987.87,4657.89,1625.37,15496.34,2345.81,2659.55,2063.82,3782.64,980.09,2899.97,1555.92,2727.13,2180.49,11571.62,15772.01,1443.57
2025-03-05,10668.84,7070.54,680.18,1778.66,1628.5,1904.38,7176.59,1121.58,2203.29,1724.78,1447.17,1108.45,4279.61,996.16,7992.49,5044.49,10080.9,3213.37,7721.72,1715.21,7883.31,789.41,9521.04,1873.56,6931.32,1964.51,4612.88,1626.75,15646.15,2404.46,2666.87,2081.73,3808.94,985.42,2858.04,1609.38,2704.89,2183.35,11623.58,15743.63,1432.9
2025-03-06,10831.14,7260.65,687.91,1869.67,1655.26,1921.42,7137.03,1140.43,2243.79,1746.41,1503.44,1131.62,4289.81,1016.18,8020.46,5288.01,10271.61,3361.86,7837.88,1740.16,8263.18,808.27,9560.37,1885.55,7080.84,1993.96,4629.46,1681.64,16588.89,2445.53,2660.18,2118.63,3870.22,981.74,2929.02,1683.12,2746.11,2217.94,11757.48,15975.77,1448.11
2025-03-07,10974.36,7158.47,690.73,1842.68,1638.76,1939.92,7146.73,1135.13,2225.58,1760.29,1479.26,1117.81,4291.34,999.86,8005.53,5203.12,10491.24,3343.32,7761.61,1764.88,8149.23,795.0,9524.57,1899.5,6987.63,1973.85,4638.79,1671.99,16354.68,2424.89,2651.32,2103.52,3818.03,995.01,2873.41,1683.0,2700.36,2194.28,11717.78,16117.69,1434.3
2025-03-10,11031.87,7147.28,673.79,1813.11,1640.7,1950.19,7081.99,1152.61,2239.95,1772.02,1463.25,1116.96,4309.8,996.5,8011.74,5085.83,10502.79,3252.19,7784.81,1783.44,7995.61,788.82,9601.73,1928.15,7035.42,1981.8,4647.69,1651.6,15852.28,2380.16,2645.4,2079.46,3815.18,986.6,2867.45,1635.94,2703.96,2199.77,11803.69,16085.29,1436.32
2025-03-11,11259.47,7100.72,683.58,1811.15,1643.36,1955.58,7135.29,1160.34,2247.28,1806.59,1458.95,1117.74,4320.21,992.99,8013.69,5098.28,10806.5,3298.68,7802.88,1793.75,7975.74,791.75,9642.22,1929.59,7030.14,1986.58,4722.86,1649.47,15830.52,2408.93,2653.71,2083.18,3801.81,1003.17,2868.81,1651.85,2706.35,2202.43,11787.85,16417.55,1440.29
2025-03-12,11214.98,7072.99,677.21,1838.46,1628.64,1982.68,7114.85,1166.1,2242.97,1794.5,1460.39,1128.96,4316.84,1003.63,8013.48,5117.59,10686.39,3259.01,7750.09,1789.48,8016.68,796.18,9616.06,1915.84,6961.58,1977.69,4696.08,1666.04,15869.19,2375.47,2669.68,2079.15,3786.18,1002.93,2855.03,1634.69,2700.74,2184.29,11744.07,16259.72,1436.52
2025-03-13,11190.11,6867.63,676.72,1803.8,1618.77,1989.74,7154.02,1157.72,2223.78,1770.65,1423.97,1108.43,4298.03,982.97,7968.9,4993.82,10663.97,3227.5,7723.03,1799.1,7851.73,791.08,9623.66,1998.59,6901.42,1964.99,4696.9,1650.34,15538.36,2372.17,2695.66,2077.81,3692.42,1014.6,2827.63,1616.93,2663.25,2160.79,11707.31,16239.93,1428.48
2025-03-14,11204.55,6996.78,702.23,1874.28,1657.61,2044.46,7243.35,1180.77,2262.85,1785.47,1449.98,1134.69,4328.69,1007.74,8082.78,5077.41,11200.06,3321.82,7907.49,1823.18,7998.04,816.95,9797.96,1995.14,7084.62,1998.8,4753.26,1696.7,15833.81,2469.96,2707.31,2188.52,3774.0,1009.36,2885.79,1666.12,2719.02,2214.02,11989.15,17024.03,1451.17
2025-03-17,11173.02,6971.68,702.52,1859.72,1659.07,2041.35,7266.5,1192.87,2277.15,1784.23,1444.86,1135.0,4373.04,1006.92,8081.47,5054.01,11203.22,3329.02,7897.58,1805.18,7982.89,807.72,9791.83,1987.56,7056.6,2000.17,4786.22,1693.17,15777.39,2464.72,2703.59,2194.35,3763.98,1004.02,2916.84,1677.67,2711.51,2197.52,12066.48,17011.72,1453.91
2025-03-18,11125.51,7013.14,723.05,1844.13,1690.62,2117.03,7257.87,1203.14,2290.27,1805.59,1459.38,1154.19,4410.46,1022.82,8071.06,5088.75,11113.92,3446.35,7984.61,1828.57,8011.37,808.89,9768.91,1977.27,7161.73,2006.27,4766.1,1695.31,15816.49,2530.35,2692.58,2194.69,3798.46,999.63,2902.09,1732.95,2722.27,2201.79,12194.85,16890.82,1457.41
2025-03-19,11020.07,6924.21,732.19,1806.96,1694.88,2145.22,7358.03,1197.21,2275.61,1800.2,1429.35,1122.76,4399.25,1001.08,8046.56,4980.19,10998.15,3440.14,7990.39,1829.92,7876.87,808.85,9765.79,1975.28,7134.17,2003.86,4759.32,1671.11,15546.55,2559.84,2729.4,2202.33,3742.27,997.16,2884.05,1727.69,2719.74,2214.56,12202.52,16770.17,1460.54
2025-03-20,11080.97,6862.72,738.64,1778.79,1682.8,2130.38,7317.13,1201.71,2252.58,1787.02,1412.05,1112.83,4376.71,990.72,8047.17,4911.19,10790.52,3369.98,7903.56,1824.5,7736.91,802.36,9749.08,1985.87,7033.17,1987.68,4727.05,1655.74,15334.94,2558.83,2729.37,2141.31,3711.7,1005.73,2878.89,1678.01,2694.78,2198.43,12049.64,16548.91,1450.35
2025-03-21,11011.63,6679.69,705.41,1734.91,1650.04,2072.18,7228.92,1186.68,2224.22,1743.58,1368.87,1089.05,4318.73,968.87,8029.11,4742.95,10651.35,3234.92,7781.75,1783.36,7483.61,789.3,9765.09,1977.99,6896.29,1960.72,4708.58,1619.99,14834.63,2460.23,2725.81,2117.96,3635.6,1013.15,2850.32,1630.21,2632.41,2129.12,11934.47,16325.39,1434.93
2025-03-24,10836.28,6722.19,700.88,1727.2,1642.68,2080.89,7292.92,1139.8,2212.04,1751.2,1372.07,1088.55,4353.38,973.62,8041.44,4701.45,10642.61,3279.26,7745.71,1812.86,7435.75,788.4,9786.35,1979.51,6842.22,1951.44,4714.91,1614.59,14652.87,2448.77,2732.96,2139.78,3649.74,1009.77,2803.02,1651.36,2618.43,2129.1,12059.11,16359.18,1430.09
2025-03-25,10796.37,6590.79,689.88,1688.57,1645.14,2089.76,7325.26,1137.19,2234.28,1748.09,1340.49,1071.15,4300.88,954.97,8045.03,4598.88,10624.9,3150.69,7779.38,1820.85,7288.09,785.24,9757.64,2019.68,6863.95,1968.51,4757.14,1596.04,14414.21,2403.72,2777.32,2136.18,3592.49,1006.73,2804.59,1591.76,2640.19,2120.21,11976.41,16363.39,1444.2
2025-03-26,10785.43,6593.87,693.58,1690.55,1641.51,2082.32,7219.57,1164.31,2261.0,1783.66,1337.86,1068.56,4291.0,952.28,8009.38,4593.22,10624.57,3188.7,7764.92,1810.39,7276.63,784.7,9724.63,2017.43,6829.55,1977.05,4814.25,1599.05,14417.75,2412.61,2759.19,2122.59,3593.18,1004.61,2824.19,1612.15,2641.92,2123.7,11954.12,16361.56,1448.24
2025-03-27,10728.18,6665.29,732.85,1688.77,1701.08,2073.31,7252.34,1156.07,2224.44,1757.47,1339.62,1063.42,4307.19,948.54,7927.17,4575.96,10732.24,3218.66,7931.23,1791.19,7287.63,785.85,9804.27,1998.44,6928.77,1956.48,4819.38,1598.11,14417.25,2532.72,2724.94,2140.49,3610.6,991.9,2822.28,1617.2,2637.37,2128.79,11987.12,16526.15,1434.75
2025-03-28,10635.56,6565.74,746.36,1694.52,1703.48,2103.31,7228.54,1130.26,2205.18,1747.17,1331.25,1059.61,4286.09,946.8,7860.0,4555.42,10644.21,3190.7,7900.64,1791.87,7250.52,785.4,9726.22,1962.33,6848.69,1938.31,4750.87,1594.61,14316.31,2551.74,2712.66,2134.49,3583.96,982.44,2810.03,1606.88,2618.49,2106.44,11883.17,16384.4,1425.6
2025-03-31,10465.25,6574.52,742.31,1670.14,1686.23,2121.09,7250.62,1116.12,2138.93,1700.31,1332.52,1059.31,4274.4,944.5,7698.26,4567.14,10477.14,3125.8,7824.91,1777.22,7216.16,770.73,9649.07,1939.04,6762.83,1892.94,4686.09,1571.58,14266.97,2536.78,2724.33,2130.51,3556.91,969.36,2759.62,1570.65,2562.33,2074.52,11882.78,16232.95,1397.76
2025-04-01,10588.27,6577.95,775.01,1668.62,1759.86,2113.93,7211.24,1139.51,2165.34,1709.86,1322.55,1055.66,4328.72,942.33,7763.38,4525.58,10483.4,3131.57,8059.69,1779.98,7145.37,769.09,9868.24,1968.33,6918.4,1904.96,4729.59,1577.14,14080.31,2624.77,2774.81,2132.07,3541.71,983.71,2768.44,1573.6,2573.81,2059.25,11749.11,16339.54,1406.6
2025-04-02,10469.74,6566.53,771.24,1675.34,1744.15,2074.66,7275.8,1144.26,2160.26,1714.28,1327.8,1064.73,4356.94,946.18,7801.8,4552.98,10449.36,3123.9,7979.82,1762.18,7179.5,773.23,9823.61,1964.33,6852.23,1901.98,4731.26,1585.54,14174.3,2617.41,2748.96,2141.19,3540.53,976.53,2760.27,1570.04,2585.71,2064.78,11816.36,16295.04,1403.64
2025-04-03,10421.05,6527.18,759.98,1671.86,1737.57,2067.44,7295.35,1145.36,2114.0,1703.32,1302.0,1028.8,4284.87,904.3,7780.91,4503.0,10615.69,3070.69,7942.78,1737.0,7127.3,771.85,9893.66,1963.45,6760.2,1872.24,4796.16,1569.38,14123.29,2580.63,2788.56,2134.52,3421.69,982.49,2790.76,1542.29,2517.94,2037.37,11456.76,16490.65,1390.96
2025-04-07,9504.17,5926.73,604.16,1436.55,1586.05,1889.1,6958.91,995.62,1867.77,1573.68,1145.35,903.64,3812.59,797.03,7188.89,3959.82,10153.83,2511.76,7395.47,1588.93,6375.57,694.71,9237.51,1805.13,6155.11,1662.43,4666.37,1377.04,12500.15,2084.11,2645.69,1988.93,3065.02,888.95,2541.63,1299.34,2173.32,1800.41,10381.31,15718.28,1256.87
2025-04-08,9695.71,5933.48,623.13,1457.56,1584.3,1917.56,7074.71,1005.14,1877.81,1583.21,1135.11,879.75,3879.39,766.36,7418.58,3968.3,10424.93,2597.48,7452.79,1584.28,6410.27,705.84,9451.83,1858.7,6187.94,1679.67,4998.45,1383.91,12632.12,2151.02,2715.4,2022.92,2987.89,894.27,2606.23,1337.9,2171.14,1799.03,10352.4,16277.14,1277.03
2025-04-09,10217.9,6230.59,629.63,1505.59,1575.09,1962.49,7011.29,1039.73,1893.63,1613.75,1173.8,899.25,3908.18,779.65,7577.04,4110.83,10602.5,2668.03,7462.85,1604.89,6647.01,719.68,9552.61,1858.97,6219.21,1686.49,5021.76,1411.21,13096.55,2180.71,2725.89,2012.89,3068.8,900.05,2726.62,1370.37,2193.02,1803.78,10459.38,16603.07,1284.2
2025-04-10,10342.17,6299.73,645.84,1540.45,1613.69,2064.34,7057.2,1077.09,1942.47,1629.21,1200.45,932.02,3985.33,814.36,7643.61,4192.06,10630.47,2733.51,7573.88,1658.51,6742.78,729.87,9650.36,1866.59,6326.81,1720.66,5048.66,1456.21,13219.55,2239.77,2726.54,2037.69,3160.15,916.79,2788.61,1395.07,2256.59,1854.84,10728.41,16713.62,1302.29
2025-04-11,10462.74,6600.94,675.69,1534.29,1624.48,2133.11,7075.79,1085.18,1942.53,1628.67,1222.81,950.1,4040.37,831.63,7636.28,4236.15,10510.66,2817.51,7566.71,1674.05,6799.93,731.42,9599.24,1852.67,6320.41,1728.9,4922.41,1461.35,13329.56,2333.18,2709.13,2029.96,3266.48,917.0,2757.01,1407.65,2287.95,1888.11,10759.08,16530.18,1307.39
2025-04-14,10479.24,6607.82,707.89,1559.34,1645.42,2232.11,7118.92,1114.39,1954.93,1636.83,1232.29,958.41,4133.17,837.1,7638.24,4261.91,10394.44,2886.03,7596.12,1712.04,6819.19,731.84,9618.44,1900.64,6332.22,1742.09,4952.08,1494.64,13420.43,2432.15,2742.99,2044.85,3278.2,930.12,2764.44,1437.72,2299.81,1898.97,10700.6,16522.89,1314.61
2025-04-15,10291.52,6535.2,700.8,1572.8,1637.6,2235.22,7227.29,1122.19,1946.06,1620.78,1222.45,948.95,4150.34,826.54,7613.63,4228.83,10413.58,2868.93,7584.61,1700.93,6768.4,729.51,9716.86,1898.72,6299.86,1742.75,4918.49,1504.47,13256.44,2403.28,2758.28,2060.2,3230.55,920.19,2736.32,1441.85,2301.53,1898.92,10778.81,16605.83,1317.07
2025-04-16,10249.01,6589.1,676.09,1552.46,1625.57,2293.26,7300.6,1099.83,1934.63,1608.61,1212.37,930.32,4109.62,807.93,7620.74,4169.61,10445.49,2755.39,7552.15,1700.89,6707.01,728.08,9689.34,1903.06,6239.22,1730.58,4897.46,1477.18,13138.54,2322.25,2770.39,2067.03,3209.38,914.52,2745.08,1388.19,2264.46,1870.96,10681.68,16694.57,1311.23
2025-04-17,10237.58,6623.19,683.63,1556.5,1617.33,2256.83,7305.72,1113.67,1925.5,1598.3,1218.57,927.84,4137.33,804.9,7627.21,4190.81,10535.05,2797.22,7546.11,1690.67,6717.3,727.7,9681.15,1898.15,6244.44,1723.53,4892.41,1484.82,13249.77,2343.88,2765.4,2078.84,3216.61,914.98,2807.78,1412.04,2256.25,1865.21,10667.6,16821.78,1305.71
2025-04-18,10171.28,6547.81,,1575.63,1614.74,2231.94,7362.47,1112.48,1918.63,1584.83,1220.01,942.45,,816.78,7661.06,4190.53,10454.14,,7507.26,1687.02,6719.63,732.16,9635.46,1890.14,6227.66,1726.46,4840.38,1484.3,13243.67,,2753.05,2087.04,3226.17,920.1,2857.06,,2270.11,1872.97,10706.57,16590.28,1307.55
2025-04-21,10356.83,6619.85,,1619.79,1643.05,2351.53,7271.16,1127.1,1926.84,1610.76,1245.51,956.64,,832.53,7664.74,4296.88,10323.71,,7567.04,1750.15,6862.49,736.27,9646.86,1885.89,6287.62,1745.34,4872.22,1509.75,13565.09,,2760.01,2079.41,3275.32,930.5,2843.68,,2327.17,1912.99,10856.14,16507.1,1316.46
2025-04-22,10298.35,6597.91,731.56,1594.78,1662.65,2379.15,7320.32,1133.32,1916.97,1593.69,1227.78,944.64,4151.64,822.59,7678.76,4227.37,10334.74,2861.7,7635.66,1745.15,6759.97,734.95,9753.36,1883.68,6285.16,1736.37,4921.2,1505.99,13402.73,2487.02,2754.21,2094.55,3242.38,928.34,2865.11,1425.94,2297.67,1899.1,10826.23,16516.13,1311.74
2025-04-23,10286.19,6600.32,746.13,1599.85,1648.36,2228.03,7283.99,1141.47,1928.03,1626.19,1243.7,964.67,4177.39,843.54,7718.88,4280.41,10285.22,2965.59,7602.14,1715.72,6796.03,735.99,9627.38,1878.89,6284.23,1746.21,4852.25,1516.44,13449.59,2528.89,2745.61,2093.99,3280.13,932.55,2818.23,1481.21,2336.07,1935.77,10944.26,16420.26,1316.52
2025-04-24,10193.07,6516.56,764.95,1568.8,1661.8,2216.53,7368.93,1132.62,1905.03,1604.44,1218.29,949.55,4175.37,827.2,7683.35,4160.61,10214.37,2950.68,7621.97,1706.63,6642.36,732.39,9671.38,1888.6,6267.26,1740.88,4878.33,1499.93,13161.49,2568.15,2773.05,2113.71,3238.05,929.06,2825.58,1466.75,2318.73,1930.73,10905.52,16405.17,1313.64
2025-04-25,10219.01,6500.58,757.22,1576.08,1648.2,2188.23,7334.48,1131.71,1922.72,1609.57,1232.36,966.56,4182.02,842.0,7712.85,4224.72,10189.6,2952.21,7602.23,1709.18,6692.97,738.5,9595.47,1880.66,6294.03,1750.44,4855.19,1517.03,13314.79,2541.7,2806.43,2102.7,3264.05,938.32,2809.99,1473.06,2333.04,1939.04,10945.96,16343.14,1320.77
2025-04-28,10138.84,6505.74,737.49,1597.48,1649.35,2186.12,7405.13,1117.37,1922.85,1608.11,1227.42,956.85,4207.79,831.31,7636.73,4203.46,10175.25,2927.65,7571.66,1701.48,6665.72,732.96,9491.85,1858.08,6264.06,1745.91,4821.12,1533.69,13229.31,2496.65,2827.24,2093.46,3249.97,946.42,2705.67,1470.92,2326.39,1910.72,10927.43,16226.91,1322.22
2025-04-29,10155.37,6568.16,743.38,1610.1,1658.55,2187.79,7380.69,1141.87,1911.98,1610.59,1235.08,953.63,4196.85,834.56,7621.78,4228.46,9981.06,2932.71,7605.89,1699.6,6703.41,731.03,9471.54,1844.76,6339.13,1735.49,4835.88,1546.16,13307.63,2527.23,2775.1,2077.68,3264.89,946.79,2708.79,1470.56,2325.63,1920.18,10988.33,16178.47,1312.42
2025-04-30,10201.94,6642.16,748.13,1624.74,1672.1,2168.41,7223.48,1157.28,1916.84,1623.12,1264.48,963.5,4200.11,844.78,7557.87,4339.98,9989.54,2980.34,7666.5,1694.34,6850.37,732.94,9487.75,1835.11,6366.91,1737.1,4821.5,1558.85,13635.17,2548.05,2751.45,2055.81,3303.01,934.59,2718.72,1488.44,2343.34,1947.95,11044.08,16182.09,1313.6
2025-05-06,10392.63,6754.83,749.21,1669.3,1684.41,2231.32,7214.05,1193.28,1964.47,1698.44,1300.27,995.28,4224.42,873.35,7679.06,4493.96,10051.65,3070.18,7721.58,1735.53,7073.82,743.68,9533.56,1853.21,6463.37,1769.34,4857.66,1594.71,14106.64,2556.87,2775.19,2073.64,3375.76,954.66,2749.13,1542.87,2398.26,1982.86,11245.87,16246.13,1330.79
2025-05-07,10735.55,6722.29,720.69,1647.2,1664.89,2241.64,7321.01,1207.77,1968.89,1690.93,1292.88,996.13,4263.9,871.91,7727.74,4451.4,10089.24,3019.88,7706.63,1741.87,7026.76,748.51,9600.38,1869.25,6430.47,1779.57,4875.91,1594.6,14015.75,2478.17,2782.44,2107.14,3364.59,962.65,2777.09,1527.13,2400.15,1979.64,11291.57,16299.3,1339.83
2025-05-08,10961.03,6689.92,725.64,1659.83,1664.28,2202.67,7400.87,1228.67,1998.16,1702.96,1310.71,1027.52,4249.62,897.85,7727.43,4520.09,10173.67,3045.42,7719.91,1731.81,7068.29,750.58,9610.18,1864.99,6460.21,1804.13,4852.08,1601.79,14094.36,2493.81,2790.63,2130.46,3385.64,958.44,2769.45,1541.32,2440.65,2000.73,11395.15,16351.71,1354.44
2025-05-09,10729.21,6534.4,730.52,1627.84,1668.93,2195.49,7502.91,1220.89,1965.44,1690.14,1289.83,1009.48,4292.45,881.83,7705.27,4434.88,10153.6,3040.53,7721.46,1724.23,6943.13,742.09,9624.74,1861.29,6410.9,1793.76,4837.1,1578.6,13830.77,2499.34,2808.89,2129.82,3325.02,949.29,2723.12,1549.77,2425.19,1995.04,11405.14,16367.45,1349.78
2025-05-12,11234.55,6576.17,706.45,1646.91,1644.29,2151.96,7514.22,1232.9,2023.7,1723.12,1304.94,1033.07,4379.82,907.21,7792.4,4496.29,10215.3,3144.36,7701.02,1739.21,7055.89,759.82,9621.95,1864.25,6472.44,1838.64,4824.55,1595.22,14035.9,2447.46,2798.82,2152.08,3397.46,953.54,2739.5,1604.83,2508.43,2041.57,11615.08,16400.31,1377.2
2025-05-13,10899.67,6538.37,711.92,1641.76,1663.21,2178.7,7629.55,1230.93,2054.67,1707.18,1300.01,1028.48,4403.0,900.37,7851.9,4475.13,10181.7,3049.92,7775.69,1742.84,6999.97,754.61,9666.04,1875.6,6561.08,1853.16,4828.4,1589.73,13922.53,2457.53,2804.32,2152.98,3380.67,956.62,2729.12,1559.32,2504.91,2031.68,11589.47,16366.55,1387.67
2025-05-14,10828.14,6563.9,721.33,1642.74,1669.79,2169.12,7691.19,1228.4,2034.56,1726.05,1307.85,1034.77,4500.87,903.65,7853.68,4497.3,10385.38,3125.46,7812.57,1757.7,7040.62,781.12,9695.3,1898.32,6565.55,1852.13,4876.02,1583.49,14032.16,2488.82,2810.01,2260.48,3394.73,959.07,2743.86,1600.31,2501.61,2047.57,11581.15,16552.53,1387.3
2025-05-15,10635.16,6430.64,716.07,1595.18,1673.84,2142.11,7682.74,1232.78,1988.16,1724.14,1273.21,1007.44,4486.46,879.96,7767.92,4350.15,10266.31,3097.07,7809.51,1736.01,6844.78,765.86,9696.3,1897.54,6508.65,1820.63,4857.66,1561.52,13629.3,2467.33,2815.97,2234.16,3324.58,951.98,2710.29,1588.58,2449.29,2016.88,11416.34,16507.52,1370.32
2025-05-16,10622.19,6417.23,730.53,1597.83,1688.96,2148.92,7610.17,1240.42,1996.91,1719.07,1277.55,1011.83,4493.36,884.22,7734.18,4351.81,10118.59,3096.0,7831.72,1731.27,6824.67,757.66,9801.62,1887.09,6469.65,1822.83,4833.38,1564.49,13571.71,2511.34,2802.83,2202.46,3322.05,948.53,2710.27,1571.3,2464.72,2033.28,11405.73,16357.7,1368.38
2025-05-19,10726.85,6444.7,746.55,1600.46,1684.95,2154.26,7584.87,1260.6,1991.54,1700.82,1271.57,1003.45,4506.33,880.31,7740.77,4331.68,9942.56,3096.94,7803.35,1725.33,6801.06,757.43,9745.54,1890.95,6450.26,1822.57,4852.77,1572.62,13533.98,2549.69,2822.0,2196.83,3314.68,956.6,2752.95,1568.93,2458.53,2023.71,11436.45,16307.37,1372.12
2025-05-20,10696.68,6473.4,773.55,1631.84,1725.58,2176.56,7599.96,1282.61,1991.86,1711.24,1279.49,1008.32,4563.81,884.87,7756.58,4341.18,9931.49,3157.47,7912.85,1732.11,6808.64,757.98,9847.91,1888.11,6522.74,1828.34,4894.83,1612.36,13559.52,2614.15,2853.15,2211.36,3338.67,955.51,2749.2,1596.29,2463.29,2040.3,11616.28,16447.38,1378.53
2025-05-21,10706.42,6408.92,795.71,1619.85,1745.31,2275.57,7653.74,1272.79,1991.81,1703.91,1271.15,1006.33,4606.2,880.28,7763.24,4313.23,9910.55,3201.3,7961.19,1769.93,6782.35,755.71,9859.71,1932.82,6537.69,1847.95,4897.44,1594.24,13484.97,2670.07,2855.27,2216.06,3314.21,954.45,2728.08,1610.12,2506.01,2076.26,11562.68,16452.71,1391.2
2025-05-22,10641.82,6383.45,791.66,1652.12,1743.05,2270.82,7730.22,1254.14,1966.99,1673.64,1270.31,1002.28,4600.09,874.61,7706.79,4273.95,9847.76,3150.63,7915.5,1749.96,6718.43,751.46,9775.45,1919.18,6476.25,1823.45,4865.2,1591.73,13379.75,2644.61,2835.95,2225.05,3303.47,945.45,2691.25,1587.09,2456.31,2046.49,11546.53,16380.18,1376.47
2025-05-23,10526.59,6285.74,799.65,1611.25,1745.93,2288.82,7655.18,1242.41,1940.94,1663.74,1250.39,985.34,4606.79,858.63,7628.2,4195.74,9775.86,3157.21,7931.82,1751.15,6604.0,740.95,9806.66,1901.13,6511.66,1805.2,4816.77,1560.91,13145.92,2662.32,2807.46,2190.44,3255.35,939.85,2659.92,1588.68,2427.18,2038.81,11462.77,16271.93,1359.53
2025-05-26,10634.08,6332.88,776.49,1655.83,1716.25,2298.23,7597.63,1257.87,1951.46,1675.77,1256.64,993.05,4604.73,864.15,7648.97,4252.23,9658.84,3052.12,7838.63,1753.67,6684.16,740.53,9696.28,1891.79,6470.57,1794.5,4826.35,1580.0,13276.89,2601.78,2830.0,2197.9,3257.54,941.25,2665.91,1545.71,2403.39,1997.56,11371.81,16254.96,1353.81
2025-05-27,10602.0,6255.75,803.44,1642.5,1739.35,2246.54,7638.58,1270.09,1930.44,1657.56,1235.91,975.5,4606.18,849.03,7593.22,4204.01,9656.54,3069.14,7884.89,1719.62,6633.99,739.36,9781.86,1876.8,6491.67,1783.97,4853.13,1575.24,13155.67,2676.82,2825.36,2196.34,3205.75,934.84,2680.93,1555.86,2392.43,1982.56,11282.28,16342.29,1346.75
2025-05-28,10524.13,6210.82,795.94,1630.54,1730.76,2257.29,7628.72,1264.66,1914.95,1652.17,1237.19,986.3,4626.16,854.79,7594.28,4179.69,9634.92,3043.56,7877.09,1720.19,6578.55,735.69,9768.74,1888.83,6452.77,1769.39,4820.44,1567.39,13008.43,2657.33,2817.07,2201.21,3196.63,929.71,2665.62,1546.17,2370.64,1960.1,11316.08,16473.19,1340.99
2025-05-29,10711.51,6339.3,837.28,1664.2,1787.96,2246.32,7612.16,1290.11,1935.97,1676.62,1264.26,1009.33,4636.04,878.75,7657.97,4290.7,9652.9,3108.08,8005.22,1725.36,6746.38,744.14,9842.82,1897.69,6587.2,1782.52,4851.5,1595.81,13463.32,2771.97,2819.99,2210.37,3263.04,932.86,2693.19,1573.22,2393.93,1975.84,11356.75,16425.63,1346.62
2025-05-30,10719.52,6239.94,837.37,1641.63,1801.0,2230.76,7660.8,1275.8,1906.64,1651.12,1242.28,998.0,4566.63,865.25,7648.04,4221.16,9526.88,3041.83,8015.74,1712.06,6639.15,740.18,9883.34,1885.72,6556.73,1761.22,4911.86,1585.78,13254.89,2765.97,2806.92,2205.03,3199.54,932.41,2690.55,1538.15,2356.16,1940.46,11241.54,16296.47,1333.69
2025-06-03,10723.65,6293.87,845.22,1692.69,1819.49,2307.29,7812.32,1291.69,1903.18,1673.56,1241.78,994.37,4606.16,861.32,7622.22,4228.24,9427.03,3073.07,8109.53,1734.89,6658.94,747.4,10040.74,1874.28,6643.12,1763.32,4997.81,1631.79,13353.11,2786.65,2794.67,2224.36,3200.31,918.92,2683.74,1554.88,2355.11,1942.31,11096.13,16318.09,1332.7
2025-06-04,10711.27,6320.08,877.63,1703.26,1846.63,2325.2,7816.93,1308.41,1922.72,1710.94,1262.49,1020.47,4602.7,882.7,7643.13,4292.53,9422.98,3118.27,8168.12,1758.14,6721.13,757.33,10032.96,1889.16,6689.54,1782.59,5031.27,1641.98,13472.11,2878.71,2787.81,2238.11,3255.37,929.48,2712.33,1573.5,2387.94,1971.27,11181.82,16416.59,1338.82
2025-06-05,10757.36,6437.73,867.89,1731.07,1820.05,2286.74,7758.94,1309.97,1932.33,1724.7,1292.93,1050.42,4600.35,910.45,7635.36,4408.46,9488.56,3166.32,8093.16,1750.31,6847.91,764.52,9913.23,1876.15,6653.68,1783.3,4969.7,1659.61,13796.81,2846.4,2784.56,2254.88,3333.02,926.62,2714.08,1593.06,2400.83,1974.83,11215.49,16282.99,1339.74
2025-06-06,10727.13,6442.51,886.51,1711.9,1807.04,2318.67,7781.31,1323.35,1930.37,1719.29,1292.87,1054.05,4587.91,912.68,7694.46,4412.56,9463.0,3144.0,8043.97,1768.32,6822.61,758.33,9894.18,1882.83,6591.32,1780.45,5009.21,1633.21,13659.23,2892.85,2792.59,2243.18,3319.37,929.61,2713.52,1580.8,2390.2,1965.86,11182.35,16176.75,1339.15
2025-06-09,10880.04,6446.05,934.3,1725.23,1852.64,2293.05,7802.7,1341.88,1953.11,1759.67,1303.05,1070.18,4622.87,923.27,7682.43,4465.63,9394.79,3224.76,8155.57,1774.53,6887.5,769.8,10018.48,1886.13,6682.35,1796.36,5082.99,1658.81,13840.54,3033.72,2795.37,2247.59,3334.65,936.18,2720.36,1606.22,2419.06,1965.46,11186.41,16152.88,1348.61
2025-06-10,10688.39,6307.12,959.28,1721.07,1869.11,2307.48,7841.02,1331.19,1932.0,1757.63,1282.23,1052.69,4684.31,908.51,7651.43,4367.23,9308.27,3223.85,8176.9,1773.31,6764.62,759.24,10029.92,1880.19,6662.37,1779.27,5076.37,1652.66,13447.66,3092.5,2792.7,2237.76,3276.12,932.28,2708.97,1598.93,2404.01,1953.61,11116.19,16032.65,1338.97
2025-06-11,10730.26,6302.63,953.17,1761.09,1853.0,2326.74,7865.12,1341.49,1953.85,1813.92,1284.65,1052.48,4741.41,911.1,7694.4,4361.54,9337.76,3248.11,8152.81,1806.8,6781.38,773.63,10060.72,1895.16,6668.75,1803.26,5151.38,1685.73,13491.65,3072.09,2795.31,2281.07,3293.79,940.7,2724.84,1610.8,2426.95,1985.19,11147.94,16047.38,1352.19
2025-06-12,10662.76,6243.58,998.25,1790.62,1903.13,2386.19,7889.47,1345.44,1945.97,1813.03,1286.84,1066.85,4720.79,921.57,7673.42,4366.19,9186.69,3198.33,8264.27,1824.52,6760.31,772.25,10034.3,1878.04,6717.23,1798.04,5113.57,1704.33,13446.04,3202.41,2783.87,2297.83,3289.26,938.25,2709.18,1570.69,2426.67,1980.45,11039.79,15895.05,1348.74
2025-06-13,10786.39,6229.47,984.29,1754.78,1862.45,2441.8,7817.39,1322.71,1911.41,1793.49,1269.45,1057.79,4782.57,912.46,7642.47,4299.88,8937.95,3144.71,8115.12,1822.38,6663.54,764.28,9862.72,1868.23,6619.54,1778.31,5085.94,1673.93,13268.89,3157.0,2802.41,2282.51,3254.08,930.05,2667.19,1550.5,2387.77,1953.73,10858.47,15523.98,1339.23
2025-06-16,10795.13,6240.39,973.49,1835.7,1852.96,2397.36,7920.28,1340.25,1921.15,1817.13,1283.65,1083.91,4804.35,931.48,7628.68,4374.09,8954.69,3175.31,8044.55,1811.7,6728.51,774.56,9798.7,1872.8,6575.14,1780.93,5053.87,1703.78,13576.59,3134.85,2796.56,2302.35,3278.53,929.01,2720.11,1565.72,2387.93,1943.67,10882.05,15507.95,1339.8
2025-06-17,10792.66,6215.71,925.53,1788.27,1800.38,2372.3,7905.42,1336.27,1919.48,1803.75,1275.73,1076.0,4787.11,929.6,7666.71,4344.82,8970.43,3151.52,7913.33,1813.35,6704.57,777.29,9746.08,1887.26,6526.74,1786.58,5052.07,1683.51,13557.38,3009.94,2823.4,2297.96,3275.02,931.56,2711.77,1562.39,2393.37,1951.63,10910.81,15475.57,1344.36
2025-06-18,10855.9,6260.33,925.75,1778.42,1790.73,2384.35,7975.8,1328.4,1928.46,1771.28,1290.24,1105.85,4761.19,949.7,7639.11,4367.76,9035.09,3112.97,7852.26,1807.02,6709.09,767.78,9673.26,1866.86,6457.09,1791.98,5006.97,1676.25,13517.34,2997.21,2824.88,2278.28,3311.82,923.5,2676.34,1540.9,2408.36,1952.74,10917.68,15497.89,1348.86
2025-06-19,10688.15,6261.21,896.49,1766.97,1762.82,2332.04,7964.82,1298.15,1890.63,1737.24,1286.32,1098.55,4676.56,942.77,7518.84,4319.49,8983.53,3039.18,7769.06,1777.27,6608.67,753.67,9584.0,1841.32,6371.37,1768.83,4966.68,1657.96,13286.97,2901.21,2792.41,2252.72,3289.99,911.63,2625.08,1502.31,2383.62,1940.4,10839.41,15333.63,1331.27
2025-06-20,10567.54,6216.47,900.14,1735.31,1761.42,2309.84,8018.53,1294.63,1897.6,1731.81,1270.82,1085.01,4722.75,932.11,7515.19,4243.75,9180.82,3066.2,7775.27,1764.08,6512.5,751.49,9586.52,1843.21,6368.54,1764.44,4956.05,1638.63,13005.76,2915.1,2777.4,2295.74,3263.16,912.5,2622.1,1517.0,2367.07,1928.55,10782.53,15464.27,1327.21
2025-06-23,10743.16,6281.45,923.73,1741.71,1777.14,2322.54,8115.86,1327.44,1907.22,1750.26,1266.91,1084.94,4773.56,931.37,7531.35,4283.77,9047.68,3108.07,7803.74,1780.6,6577.36,760.14,9573.45,1872.47,6397.56,1786.77,4952.52,1647.16,13296.53,2980.22,2770.1,2317.22,3280.33,910.77,2636.04,1528.62,2408.96,1956.6,10736.52,15331.0,1338.86
2025-06-24,10794.34,6399.57,955.16,1786.76,1797.49,2291.62,8149.01,1362.73,1938.71,1781.04,1293.58,1096.78,4801.31,944.5,7674.47,4368.78,9125.8,3184.52,7878.36,1792.65,6746.2,779.79,9674.21,1864.96,6465.66,1828.96,4998.62,1680.1,13640.57,3072.71,2782.64,2376.23,3342.81,920.85,2667.97,1559.66,2501.28,2022.79,10962.25,15484.63,1365.36
2025-06-25,11122.83,6520.82,957.38,1799.37,1805.36,2308.52,8232.68,1370.46,1955.84,1792.02,1321.92,1111.76,4803.94,957.57,7726.53,4478.64,9145.12,3210.65,7944.66,1808.13,6966.94,822.39,9713.46,1849.52,6550.34,1854.76,5005.83,1697.38,14215.91,3081.5,2808.49,2433.18,3393.15,928.34,2711.5,1570.01,2548.28,2057.52,11129.85,15548.35,1384.48
2025-06-26,11144.2,6451.74,936.27,1802.16,1774.1,2334.46,8315.16,1373.3,1934.52,1770.94,1326.5,1118.72,4770.33,961.51,7695.02,4510.3,9116.41,3178.8,7864.3,1812.09,6964.21,808.41,9681.18,1839.6,6479.63,1842.37,4988.74,1692.83,14261.19,3030.02,2805.16,2420.08,3359.25,920.66,2700.44,1559.22,2525.91,2040.98,11075.79,15479.32,1378.11
2025-06-27,11226.42,6473.35,923.8,1785.04,1776.51,2343.55,8070.36,1384.76,1955.63,1789.1,1337.44,1144.8,4739.68,982.22,7712.04,4543.89,9000.01,3185.89,7871.08,1842.02,6957.6,807.45,9689.23,1859.12,6508.47,1849.78,4993.79,1680.69,14163.42,3004.56,2777.72,2372.48,3390.08,925.79,2705.65,1564.11,2525.24,2036.33,11069.16,15372.59,1375.52
2025-06-30,11686.7,6570.79,932.52,1885.44,1796.96,2355.26,8043.94,1406.06,2001.1,1826.41,1361.15,1167.97,4707.08,1000.25,7705.51,4611.88,9065.36,3168.07,7928.49,1843.96,7028.52,803.7,9656.67,1860.7,6610.21,1873.88,5004.47,1740.68,14342.63,3026.01,2786.77,2361.18,3434.93,930.92,2720.27,1554.42,2551.78,2044.61,11111.42,15442.84,1390.56
2025-07-01,11668.5,6542.3,,1888.55,1835.83,2394.49,8167.45,1414.8,1993.87,1828.49,1350.62,1171.27,,1001.86,7694.08,4560.91,9002.67,,8013.46,1871.43,6951.4,799.97,9714.66,1858.42,6663.41,1868.38,5042.32,1747.26,14098.37,,2817.35,2369.85,3425.93,939.2,2706.35,,2535.27,2034.92,11135.2,15439.02,1387.15
2025-07-02,11438.99,6408.37,941.24,1866.73,1809.14,2407.68,8228.93,1418.33,2051.64,1816.8,1323.77,1141.23,4794.36,977.3,7790.88,4470.78,9060.34,3155.71,7950.28,1885.89,6845.63,796.56,9670.31,1894.56,6607.27,1891.68,5077.68,1730.62,13862.03,3051.69,2825.05,2365.58,3355.82,972.42,2721.68,1556.3,2520.85,2030.26,11184.14,15429.95,1399.52
2025-07-03,11468.83,6415.96,975.23,1864.88,1847.52,2407.04,8225.34,1427.42,2056.05,1823.09,1336.92,1168.7,4800.33,1008.6,7771.74,4510.7,9081.27,3153.39,8023.38,1890.78,6897.97,801.79,9791.25,1882.77,6612.23,1912.63,5112.56,1744.19,13909.51,3136.27,2820.75,2365.84,3434.99,972.22,2717.64,1538.1,2564.15,2065.11,11242.57,15440.88,1410.5
2025-07-04,11391.9,6404.25,993.54,1909.73,1857.6,2382.27,8377.94,1410.65,2042.5,1792.36,1331.79,1160.02,4799.99,1004.05,7771.45,4507.18,9093.19,3143.68,8043.0,1862.93,6881.69,801.76,9772.49,1883.16,6612.39,1893.02,5103.81,1761.61,13975.93,3165.59,2844.67,2388.1,3407.16,977.84,2704.45,1524.59,2515.42,2032.77,11234.13,15435.24,1401.44
2025-07-07,11415.03,6385.16,968.07,1885.71,1820.09,2350.45,8412.6,1434.18,2035.62,1795.68,1315.86,1140.86,4797.31,989.94,7816.96,4465.93,9018.79,3137.35,7940.77,1846.47,6839.78,802.52,9734.46,1871.76,6569.35,1886.82,5084.03,1751.08,13967.8,3093.75,2894.47,2397.16,3372.04,978.85,2750.74,1530.19,2499.43,2013.12,11164.28,15347.56,1401.08
2025-07-08,11491.2,6461.94,966.75,1940.94,1824.69,2371.93,8391.98,1445.74,2137.83,1830.18,1350.85,1189.93,4770.78,1030.61,7872.98,4578.27,9109.88,3185.82,7973.5,1865.83,6962.57,812.04,9762.67,1880.59,6638.81,1947.41,5102.4,1779.87,14214.31,3091.88,2881.82,2400.1,3449.31,995.3,2778.93,1553.56,2562.13,2043.16,11226.08,15424.07,1434.45
2025-07-09,11393.66,6384.23,984.23,1953.13,1837.84,2316.1,8418.47,1447.54,2128.71,1802.99,1342.04,1192.75,4778.89,1032.14,7871.86,4561.01,9154.89,3140.58,8016.93,1827.4,6920.58,808.02,9742.48,1891.0,6637.5,1941.52,5122.86,1787.76,14202.81,3136.92,2875.99,2372.2,3432.36,988.79,2776.52,1527.55,2555.11,2036.52,11155.13,15484.53,1436.14
2025-07-10,11357.05,6362.78,976.78,1942.18,1848.18,2307.13,8497.84,1452.95,2164.66,1863.62,1338.5,1194.78,4856.32,1033.07,7923.67,4545.01,9238.81,3133.24,8066.29,1851.43,6919.0,817.76,9778.78,1926.42,6666.21,1955.23,5129.44,1780.85,14149.67,3115.1,2861.18,2402.3,3429.54,1002.74,2869.18,1525.0,2566.03,2033.26,11146.9,15503.77,1445.15
2025-07-11,11511.94,6459.7,993.02,1932.24,1881.73,2319.42,8297.33,1453.23,2154.35,1960.02,1349.14,1189.19,4888.69,1026.79,7910.58,4598.57,9298.66,3162.16,8160.61,1887.0,7020.7,837.56,9824.87,1912.07,6805.01,1950.92,5156.63,1777.57,14511.22,3160.51,2856.24,2422.26,3454.69,1018.17,2878.36,1530.12,2575.76,2043.86,11241.55,15573.02,1444.25
2025-07-14,11449.3,6419.08,1016.25,1881.82,1894.51,2369.98,8335.35,1472.53,2152.19,1956.08,1350.61,1197.16,4915.45,1030.56,7962.96,4589.89,9318.98,3200.51,8171.24,1895.33,6973.16,828.02,9843.73,1915.43,6771.73,1952.38,5165.93,1755.48,14216.83,3222.33,2883.85,2418.25,3459.64,1021.01,2838.83,1539.76,2572.47,2047.1,11365.58,15618.08,1442.54
2025-07-15,11418.72,6410.06,1050.33,1894.69,1912.7,2355.94,8254.99,1451.36,2125.64,1936.73,1415.42,1273.32,4902.45,1087.32,7910.79,4838.25,9192.19,3293.33,8179.98,1875.21,7138.05,824.31,9749.83,1865.7,6779.43,1929.38,5091.99,1757.69,14468.85,3316.99,2836.16,2400.47,3498.16,1009.71,2809.79,1582.69,2561.7,2036.05,11452.16,15455.93,1428.9
2025-07-16,11396.52,6426.43,1059.25,1892.58,1929.94,2346.65,8196.6,1469.58,2128.19,1931.95,1421.62,1267.92,4898.81,1081.88,7884.04,4842.81,9278.19,3281.93,8227.72,1866.56,7104.5,820.54,9875.65,1858.81,6788.27,1925.65,5116.68,1756.47,14436.16,3343.87,2829.99,2385.87,3495.82,996.63,2799.22,1575.33,2571.23,2041.38,11465.93,15527.62,1425.81
2025-07-17,11699.24,6467.54,1119.71,1899.27,1976.68,2315.56,8164.08,1480.74,2150.53,1955.26,1448.95,1322.52,4863.38,1129.11,7863.69,4936.17,9295.74,3332.29,8353.34,1875.21,7211.73,825.11,9950.26,1864.32,6883.11,1948.02,5140.6,1760.47,14651.07,3510.93,2822.41,2384.44,3589.07,1012.23,2798.81,1576.95,2601.47,2076.92,11536.17,15623.39,1435.01
2025-07-18,11808.47,6477.78,1130.51,1871.09,1997.37,2338.64,8215.01,1487.37,2128.76,2026.31,1454.23,1314.15,4894.18,1120.85,7868.89,4964.0,9432.54,3377.81,8432.39,1919.51,7220.72,828.64,9965.74,1885.08,6942.48,1955.98,5174.77,1742.46,14740.87,3533.47,2820.38,2386.47,3570.33,1023.31,2811.77,1598.07,2611.47,2100.12,11554.09,15728.39,1433.31
2025-07-21,11917.04,6485.55,1114.48,1892.09,1981.5,2375.16,8148.46,1515.03,2163.55,2090.29,1454.33,1320.75,4980.79,1125.34,8228.6,4942.51,9400.79,3390.94,8402.57,1976.1,7190.37,839.62,9986.77,1933.67,6948.98,1984.27,5275.62,1756.62,14657.02,3493.32,2853.34,2379.48,3591.92,1059.48,2836.38,1613.49,2631.6,2123.1,11562.43,15724.23,1450.58
2025-07-22,11917.21,6496.31,1113.85,1866.0,1988.23,2422.29,8066.9,1515.65,2216.72,2094.61,1442.45,1317.5,5030.89,1119.84,8643.96,4886.28,9708.15,3408.5,8452.1,2018.5,7147.86,841.42,10077.17,2069.62,6996.41,2028.3,5392.99,1745.01,14571.63,3496.8,2880.95,2361.81,3590.73,1090.26,2866.79,1624.08,2667.88,2152.02,11619.22,15997.53,1477.09
2025-07-23,11758.94,6551.1,1112.39,1868.85,1982.1,2410.43,8097.69,1510.65,2187.72,2099.7,1443.23,1311.56,5073.76,1112.72,8527.56,4896.28,9655.15,3470.95,8450.9,2010.28,7157.0,850.03,10055.21,2060.01,7058.03,2010.55,5372.19,1749.03,14634.3,3503.36,2858.91,2407.81,3578.42,1085.21,2852.34,1654.85,2638.94,2135.64,11671.97,15923.61,1463.59
2025-07-24,11970.88,6643.56,1140.31,1879.83,2028.46,2383.74,7980.97,1530.31,2236.99,2208.86,1452.49,1312.95,5123.09,1120.98,8661.47,4937.13,9717.15,3507.18,8633.14,2068.83,7261.8,871.84,10176.0,2099.1,7272.81,2062.79,5383.25,1766.51,14874.05,3589.07,2863.86,2417.26,3627.46,1109.25,2912.22,1658.46,2698.11,2194.07,11684.55,16010.78,1483.85
2025-07-25,11987.24,6793.29,1133.38,1875.43,2017.18,2360.04,7966.93,1540.3,2206.75,2219.71,1479.24,1312.21,5113.94,1125.02,8406.55,5022.25,9519.03,3473.44,8609.82,2070.2,7346.93,869.05,10090.64,2069.55,7338.12,2048.73,5375.05,1772.53,15061.01,3580.56,2839.87,2410.08,3680.07,1096.74,2930.75,1630.2,2678.94,2189.15,11563.07,15812.13,1468.98
2025-07-28,12162.75,6775.78,1176.76,1887.98,2069.45,2327.1,7967.57,1556.23,2188.84,2253.94,1482.61,1345.37,5089.6,1147.57,8361.93,5012.59,9482.35,3485.02,8754.28,2060.94,7297.41,874.91,10118.47,2008.98,7370.92,2043.18,5371.14,1772.19,15057.86,3694.43,2824.64,2480.79,3704.28,1081.06,2939.35,1629.12,2689.46,2196.97,11547.64,15744.44,1466.83
2025-07-29,12291.87,6882.47,1230.33,1912.08,2131.76,2322.37,7871.96,1551.51,2219.26,2239.93,1524.97,1399.01,5078.45,1183.97,8394.03,5125.82,9466.08,3512.6,8935.44,2057.11,7353.8,877.56,10227.05,2026.51,7524.84,2061.37,5314.89,1788.58,15243.96,3840.49,2822.58,2448.63,3757.97,1107.51,2949.44,1629.83,2702.85,2202.0,11531.05,15698.49,1478.27
2025-07-30,12139.77,6822.15,1205.73,1932.52,2124.48,2330.38,7921.85,1550.61,2195.71,2208.37,1507.24,1385.48,5084.72,1182.72,8321.34,5062.69,9545.4,3415.21,8959.68,2044.53,7255.37,867.27,10315.59,2023.28,7508.09,2025.54,5344.86,1796.62,14972.39,3802.8,2841.59,2485.21,3735.83,1124.98,2921.74,1598.67,2632.35,2150.54,11520.9,15832.0,1457.12
2025-07-31,12075.01,6742.09,1189.82,1883.39,2099.8,2260.93,7880.1,1529.49,2124.89,2146.0,1518.68,1393.17,4994.55,1186.48,8185.22,5121.59,9301.71,3388.14,8817.03,1974.12,7267.89,847.05,10201.06,1955.31,7393.32,1963.47,5234.77,1771.2,15040.97,3752.93,2788.16,2418.83,3714.21,1080.46,2826.09,1568.7,2570.89,2098.56,11346.32,15483.47,1415.17
2025-08-01,11913.01,6669.4,1159.94,1886.89,2080.29,2263.84,7899.63,1555.96,2160.87,2105.73,1499.32,1366.96,4938.37,1163.97,8143.74,5094.33,9306.6,3346.91,8752.88,1967.5,7261.19,840.62,10366.98,1955.86,7346.61,1973.86,5228.66,1767.87,15076.81,3658.84,2785.04,2400.41,3662.46,1068.39,2818.32,1559.39,2580.19,2091.76,11369.38,15510.06,1424.02
2025-08-04,12224.14,6766.48,1162.48,1947.25,2078.28,2359.83,7959.97,1578.61,2144.27,2122.4,1509.28,1368.84,4968.96,1162.01,8158.55,5125.54,9308.15,3397.9,8768.61,2000.88,7283.44,842.58,10394.16,1971.77,7352.79,1970.8,5263.4,1795.58,15125.74,3666.44,2791.2,2405.85,3680.9,1068.5,2819.45,1578.55,2590.65,2102.16,11503.55,15537.98,1423.59
